region,settlement_day,avg_rrp,expected_rrp,lower_bound,upper_bound,is_anomaly,distance
TAS1,2025-01-01,39.23,97.52,-19.35,214.39,False,-1.28
TAS1,2025-01-02,117.84,92.56,-24.31,209.43,False,0.56
TAS1,2025-01-03,122.86,87.97,-28.9,204.84,False,0.77
TAS1,2025-01-04,100.34,72.64,-44.23,189.51,False,0.61
TAS1,2025-01-05,112.66,77.03,-39.84,193.9,False,0.79
TAS1,2025-01-06,94.34,82.4,-34.47,199.26,False,0.26
TAS1,2025-01-07,137.23,86.31,-30.56,203.18,False,1.12
TAS1,2025-01-08,127.53,115.22,-1.64,232.09,False,0.27
TAS1,2025-01-09,115.36,90.65,-26.21,207.52,False,0.54
TAS1,2025-01-10,128.99,102.01,-14.85,218.88,False,0.59
TAS1,2025-01-11,119.3,77.41,-39.46,194.28,False,0.92
TAS1,2025-01-12,130.06,76.22,-40.65,193.09,False,1.19
TAS1,2025-01-13,135.75,115.77,-1.09,232.64,False,0.44
TAS1,2025-01-14,146.07,124.83,7.96,241.69,False,0.47
TAS1,2025-01-15,90.28,116.26,-0.61,233.13,False,-0.57
TAS1,2025-01-16,128.02,91.14,-25.73,208.01,False,0.81
TAS1,2025-01-17,101.7,94.8,-22.07,211.67,False,0.15
TAS1,2025-01-18,119.81,80.2,-36.67,197.06,False,0.87
TAS1,2025-01-19,121.83,83.6,-33.27,200.47,False,0.84
TAS1,2025-01-20,155.59,108.18,-8.69,225.05,False,1.04
TAS1,2025-01-21,148.34,125.22,8.35,242.08,False,0.51
TAS1,2025-01-22,114.79,132.94,16.07,249.81,False,-0.4
TAS1,2025-01-23,134.11,123.2,6.33,240.07,False,0.24
TAS1,2025-01-24,66.88,102.18,-14.69,219.04,False,-0.78
TAS1,2025-01-25,123.48,92.83,-24.04,209.7,False,0.68
TAS1,2025-01-26,118.11,84.27,-32.59,201.14,False,0.75
TAS1,2025-01-27,47.89,112.5,-4.36,229.37,False,-1.42
TAS1,2025-01-28,52.27,128.93,12.06,245.8,False,-1.69
TAS1,2025-01-29,122.59,118.89,2.02,235.76,False,0.08
TAS1,2025-01-30,121.23,117.0,0.13,233.86,False,0.09
TAS1,2025-01-31,128.15,117.7,0.83,234.56,False,0.23
TAS1,2025-02-01,149.06,116.01,-0.86,232.88,False,0.73
TAS1,2025-02-02,137.79,114.0,-2.87,230.87,False,0.52
TAS1,2025-02-03,178.14,93.86,-23.01,210.73,False,1.86
TAS1,2025-02-04,120.24,88.64,-28.23,205.51,False,0.7
TAS1,2025-02-05,130.08,105.35,-11.52,222.22,False,0.55
TAS1,2025-02-06,164.91,107.33,-9.54,224.19,False,1.27
TAS1,2025-02-07,138.77,113.5,-3.36,230.37,False,0.56
TAS1,2025-02-08,120.68,105.7,-11.17,222.57,False,0.33
TAS1,2025-02-09,120.29,110.72,-6.15,227.59,False,0.21
TAS1,2025-02-10,121.0,124.4,7.53,241.27,False,-0.07
TAS1,2025-02-11,137.07,116.43,-0.44,233.29,False,0.46
TAS1,2025-02-12,141.29,119.36,2.49,236.22,False,0.48
TAS1,2025-02-13,101.45,140.75,23.88,257.61,False,-0.87
TAS1,2025-02-14,111.56,165.63,48.76,282.5,False,-1.19
TAS1,2025-02-15,99.42,147.5,30.63,264.36,False,-1.06
TAS1,2025-02-16,107.84,140.69,23.82,257.56,False,-0.72
TAS1,2025-02-17,124.17,124.54,7.68,241.41,False,-0.01
TAS1,2025-02-18,97.2,119.4,2.53,236.27,False,-0.49
TAS1,2025-02-19,109.63,120.9,4.04,237.77,False,-0.25
TAS1,2025-02-20,130.42,131.04,14.17,247.91,False,-0.01
TAS1,2025-02-21,132.6,118.48,1.61,235.35,False,0.31
TAS1,2025-02-22,93.43,114.96,-1.91,231.82,False,-0.47
TAS1,2025-02-23,82.88,138.36,21.49,255.23,False,-1.22
TAS1,2025-02-24,81.67,104.47,-12.4,221.34,False,-0.5
TAS1,2025-02-25,115.37,142.96,26.1,259.83,False,-0.61
TAS1,2025-02-26,117.16,107.55,-9.32,224.42,False,0.21
TAS1,2025-02-27,135.41,108.04,-8.83,224.91,False,0.6
TAS1,2025-02-28,107.79,112.07,-4.79,228.94,False,-0.09
TAS1,2025-03-01,98.04,111.85,-5.02,228.72,False,-0.3
TAS1,2025-03-02,91.13,103.93,-12.93,220.8,False,-0.28
TAS1,2025-03-03,129.79,145.82,28.95,262.68,False,-0.35
TAS1,2025-03-04,101.93,124.12,7.25,240.98,False,-0.49
TAS1,2025-03-05,88.37,116.51,-0.35,233.38,False,-0.62
TAS1,2025-03-06,49.02,116.09,-0.78,232.96,False,-1.48
TAS1,2025-03-07,117.96,98.52,-18.35,215.39,False,0.43
TAS1,2025-03-08,102.2,107.0,-9.86,223.87,False,-0.11
TAS1,2025-03-09,111.72,107.22,-9.65,224.09,False,0.1
TAS1,2025-03-10,119.81,107.07,-9.8,223.94,False,0.28
TAS1,2025-03-11,111.73,104.47,-12.4,221.34,False,0.16
TAS1,2025-03-12,118.53,114.15,-2.72,231.02,False,0.1
TAS1,2025-03-13,119.9,117.52,0.65,234.39,False,0.05
TAS1,2025-03-14,119.18,113.79,-3.08,230.66,False,0.12
TAS1,2025-03-15,112.58,113.09,-3.78,229.95,False,-0.01
TAS1,2025-03-16,47.95,109.17,-7.7,226.04,False,-1.35
TAS1,2025-03-17,96.84,109.65,-7.22,226.51,False,-0.28
TAS1,2025-03-18,109.78,102.89,-13.98,219.76,False,0.15
TAS1,2025-03-19,112.94,117.79,0.92,234.66,False,-0.11
TAS1,2025-03-20,96.51,125.28,8.42,242.15,False,-0.63
TAS1,2025-03-21,123.32,108.31,-8.56,225.18,False,0.33
TAS1,2025-03-22,94.81,112.95,-3.92,229.82,False,-0.4
TAS1,2025-03-23,114.24,102.44,-14.43,219.31,False,0.26
TAS1,2025-03-24,99.13,118.02,1.15,234.89,False,-0.42
TAS1,2025-03-25,109.43,131.03,14.16,247.9,False,-0.48
TAS1,2025-03-26,112.71,98.37,-18.5,215.24,False,0.32
TAS1,2025-03-27,78.8,116.17,-0.7,233.04,False,-0.82
TAS1,2025-03-28,121.62,107.62,-9.25,224.49,False,0.31
TAS1,2025-03-29,104.8,99.15,-17.72,216.01,False,0.12
TAS1,2025-03-30,44.0,110.53,-6.34,227.39,False,-1.47
TAS1,2025-03-31,42.82,112.52,-4.35,229.39,False,-1.54
TAS1,2025-04-01,102.36,113.49,-3.38,230.36,False,-0.25
TAS1,2025-04-02,118.09,99.59,-17.28,216.46,False,0.41
TAS1,2025-04-03,100.51,121.69,4.82,238.56,False,-0.47
TAS1,2025-04-04,108.19,112.66,-4.2,229.53,False,-0.1
TAS1,2025-04-05,80.32,114.38,-2.49,231.25,False,-0.75
TAS1,2025-04-06,87.71,108.97,-7.9,225.83,False,-0.47
TAS1,2025-04-07,114.75,110.92,-5.95,227.79,False,0.08
TAS1,2025-04-08,150.62,108.08,-8.79,224.95,False,0.94
TAS1,2025-04-09,139.62,101.73,-15.14,218.6,False,0.84
TAS1,2025-04-10,102.87,112.12,-4.75,228.98,False,-0.2
TAS1,2025-04-11,115.22,106.24,-10.63,223.11,False,0.2
TAS1,2025-04-12,101.06,97.79,-19.08,214.66,False,0.07
TAS1,2025-04-13,69.5,96.73,-20.14,213.6,False,-0.6
TAS1,2025-04-14,105.65,135.04,18.17,251.91,False,-0.65
TAS1,2025-04-15,110.05,125.47,8.6,242.34,False,-0.34
TAS1,2025-04-16,120.91,119.99,3.12,236.86,False,0.02
TAS1,2025-04-17,117.24,105.43,-11.44,222.3,False,0.26
TAS1,2025-04-18,86.08,98.82,-18.05,215.69,False,-0.28
TAS1,2025-04-19,68.45,105.97,-10.9,222.84,False,-0.83
TAS1,2025-04-20,51.0,107.2,-9.67,224.07,False,-1.24
TAS1,2025-04-21,66.4,117.22,0.35,234.09,False,-1.12
TAS1,2025-04-22,78.52,109.72,-7.15,226.59,False,-0.69
TAS1,2025-04-23,78.4,102.78,-14.09,219.65,False,-0.54
TAS1,2025-04-24,83.78,107.49,-9.38,224.35,False,-0.52
TAS1,2025-04-25,104.73,89.12,-27.74,205.99,False,0.34
TAS1,2025-04-26,114.95,97.21,-19.66,214.08,False,0.39
TAS1,2025-04-27,116.1,65.4,-51.47,182.27,False,1.12
TAS1,2025-04-28,121.23,76.16,-40.71,193.03,False,0.99
TAS1,2025-04-29,105.66,74.28,-42.59,191.15,False,0.69
TAS1,2025-04-30,95.8,84.46,-32.41,201.33,False,0.25
TAS1,2025-05-01,112.24,85.72,-31.14,202.59,False,0.58
TAS1,2025-05-02,121.5,96.75,-20.12,213.62,False,0.55
TAS1,2025-05-03,50.02,105.33,-11.54,222.2,False,-1.22
TAS1,2025-05-04,31.7,116.68,-0.19,233.55,False,-1.87
TAS1,2025-05-05,19.85,118.12,1.25,234.99,False,-2.17
TAS1,2025-05-06,25.05,117.26,0.39,234.13,False,-2.03
TAS1,2025-05-07,39.49,113.63,-3.24,230.5,False,-1.63
TAS1,2025-05-08,98.5,114.93,-1.94,231.79,False,-0.36
TAS1,2025-05-09,118.83,97.24,-19.63,214.11,False,0.48
TAS1,2025-05-10,125.83,103.06,-13.81,219.92,False,0.5
TAS1,2025-05-11,105.52,86.57,-30.3,203.44,False,0.42
TAS1,2025-05-12,141.35,85.58,-31.29,202.45,False,1.23
TAS1,2025-05-13,136.77,92.89,-23.98,209.75,False,0.97
TAS1,2025-05-14,135.64,83.02,-33.85,199.89,False,1.16
TAS1,2025-05-15,147.04,78.8,-38.07,195.67,False,1.5
TAS1,2025-05-16,151.19,94.66,-22.21,211.53,False,1.25
TAS1,2025-05-17,130.09,101.59,-15.28,218.46,False,0.63
TAS1,2025-05-18,87.69,84.93,-31.94,201.8,False,0.06
TAS1,2025-05-19,127.1,97.37,-19.5,214.24,False,0.66
TAS1,2025-05-20,130.93,111.84,-5.03,228.71,False,0.42
TAS1,2025-05-21,185.46,109.75,-7.12,226.61,False,1.67
TAS1,2025-05-22,152.12,106.08,-10.79,222.95,False,1.01
TAS1,2025-05-23,141.01,127.65,10.78,244.52,False,0.29
TAS1,2025-05-24,41.32,105.63,-11.24,222.5,False,-1.42
TAS1,2025-05-25,58.09,96.97,-19.9,213.84,False,-0.86
TAS1,2025-05-26,41.67,113.01,-3.86,229.88,False,-1.57
TAS1,2025-05-27,62.71,123.61,6.74,240.48,False,-1.34
TAS1,2025-05-28,90.51,154.12,37.25,270.98,False,-1.4
TAS1,2025-05-29,116.96,120.92,4.05,237.79,False,-0.09
TAS1,2025-05-30,136.11,137.67,20.8,254.54,False,-0.03
TAS1,2025-05-31,142.69,110.3,-6.57,227.17,False,0.71
TAS1,2025-06-01,105.32,99.08,-17.79,215.95,False,0.14
TAS1,2025-06-02,128.24,137.1,20.23,253.97,False,-0.2
TAS1,2025-06-03,134.26,102.89,-13.98,219.76,False,0.69
TAS1,2025-06-04,153.52,106.83,-10.04,223.7,False,1.03
TAS1,2025-06-05,151.46,95.28,-21.59,212.15,False,1.24
TAS1,2025-06-06,112.96,116.43,-0.44,233.3,False,-0.08
TAS1,2025-06-07,93.09,96.81,-20.05,213.68,False,-0.08
TAS1,2025-06-08,107.47,112.38,-4.49,229.25,False,-0.11
TAS1,2025-06-09,134.0,86.71,-30.16,203.58,False,1.04
TAS1,2025-06-10,184.13,99.87,-17.0,216.74,False,1.86
TAS1,2025-06-11,469.97,114.1,-2.77,230.97,True,7.84
TAS1,2025-06-12,1388.54,119.73,2.86,236.6,True,27.96
TAS1,2025-06-13,222.55,113.89,-2.98,230.76,False,2.39
TAS1,2025-06-14,119.67,114.5,-2.36,231.37,False,0.11
TAS1,2025-06-15,148.11,105.99,-10.88,222.86,False,0.93
TAS1,2025-06-16,91.24,119.83,2.96,236.7,False,-0.63
TAS1,2025-06-17,124.46,135.08,18.21,251.95,False,-0.23
TAS1,2025-06-18,168.35,94.19,-22.68,211.06,False,1.63
TAS1,2025-06-19,169.17,204.36,87.49,321.23,False,-0.78
TAS1,2025-06-20,149.95,193.59,76.72,310.46,False,-0.96
TAS1,2025-06-21,123.58,203.75,86.88,320.62,False,-1.77
TAS1,2025-06-22,83.88,214.7,97.83,331.57,True,-2.88
TAS1,2025-06-23,45.95,205.35,88.48,322.21,True,-3.51
TAS1,2025-06-24,60.75,218.73,101.86,335.59,True,-3.48
TAS1,2025-06-25,127.49,189.1,72.23,305.97,False,-1.36
TAS1,2025-06-26,914.55,215.91,99.04,332.78,True,15.4
TAS1,2025-06-27,258.91,182.57,65.7,299.44,False,1.68
TAS1,2025-06-28,206.32,181.76,64.89,298.63,False,0.54
TAS1,2025-06-29,200.34,192.27,75.4,309.14,False,0.18
TAS1,2025-06-30,202.06,223.95,107.08,340.82,False,-0.48
TAS1,2025-07-01,188.67,213.16,96.29,330.03,False,-0.54
TAS1,2025-07-02,178.13,204.67,87.8,321.54,False,-0.58
TAS1,2025-07-03,182.74,195.68,78.81,312.55,False,-0.29
TAS1,2025-07-04,147.46,197.65,80.78,314.52,False,-1.11
TAS1,2025-07-05,89.65,202.77,85.9,319.64,False,-2.49
TAS1,2025-07-06,140.25,208.64,91.78,325.51,False,-1.51
TAS1,2025-07-07,168.26,232.56,115.69,349.43,False,-1.42
TAS1,2025-07-08,119.46,240.02,123.15,356.88,True,-2.66
TAS1,2025-07-09,152.23,227.08,110.22,343.95,False,-1.65
TAS1,2025-07-10,138.47,177.82,60.96,294.69,False,-0.87
TAS1,2025-07-11,151.44,186.67,69.8,303.54,False,-0.78
TAS1,2025-07-12,158.93,196.51,79.64,313.37,False,-0.83
TAS1,2025-07-13,105.36,217.29,100.42,334.16,False,-2.47
TAS1,2025-07-14,167.49,224.87,108.0,341.74,False,-1.26
TAS1,2025-07-15,134.57,216.15,99.28,333.01,False,-1.8
TAS1,2025-07-16,109.19,229.5,112.63,346.37,True,-2.65
TAS1,2025-07-17,94.57,142.32,25.46,259.19,False,-1.05
TAS1,2025-07-18,106.04,158.55,41.68,275.42,False,-1.16
TAS1,2025-07-19,76.18,154.62,37.75,271.49,False,-1.73
TAS1,2025-07-20,79.53,143.0,26.13,259.87,False,-1.4
TAS1,2025-07-21,48.18,147.55,30.68,264.42,False,-2.19
TAS1,2025-07-22,34.17,129.32,12.45,246.19,False,-2.1
TAS1,2025-07-23,51.91,113.98,-2.89,230.85,False,-1.37
TAS1,2025-07-24,84.08,131.63,14.76,248.5,False,-1.05
TAS1,2025-07-25,70.06,174.02,57.15,290.89,False,-2.29
TAS1,2025-07-26,108.94,141.32,24.45,258.19,False,-0.71
TAS1,2025-07-27,76.01,129.77,12.9,246.63,False,-1.18
TAS1,2025-07-28,98.72,116.56,-0.3,233.43,False,-0.39
TAS1,2025-07-29,133.0,101.12,-15.75,217.99,False,0.7
TAS1,2025-07-30,135.42,96.26,-20.61,213.13,False,0.86
TAS1,2025-07-31,124.4,74.46,-42.41,191.32,False,1.1
TAS1,2025-08-01,141.54,102.27,-14.6,219.13,False,0.87
TAS1,2025-08-02,123.76,87.48,-29.39,204.35,False,0.8
TAS1,2025-08-03,97.69,72.61,-44.26,189.48,False,0.55
TAS1,2025-08-04,89.77,66.32,-50.55,183.19,False,0.52
TAS1,2025-08-05,118.62,86.89,-29.98,203.76,False,0.7
TAS1,2025-08-06,136.15,102.27,-14.59,219.14,False,0.75
TAS1,2025-08-07,155.14,125.26,8.39,242.13,False,0.66
TAS1,2025-08-08,156.5,96.59,-20.28,213.46,False,1.32
TAS1,2025-08-09,145.21,81.41,-35.46,198.27,False,1.41
TAS1,2025-08-10,140.3,90.96,-25.91,207.83,False,1.09
TAS1,2025-08-11,139.4,102.64,-14.23,219.51,False,0.81
TAS1,2025-08-12,148.17,99.5,-17.37,216.37,False,1.07
TAS1,2025-08-13,152.51,112.95,-3.92,229.82,False,0.87
TAS1,2025-08-14,131.7,120.8,3.93,237.67,False,0.24
TAS1,2025-08-15,115.5,113.64,-3.23,230.51,False,0.04
TAS1,2025-08-16,143.77,114.78,-2.09,231.65,False,0.64
TAS1,2025-08-17,156.3,122.79,5.93,239.66,False,0.74
TAS1,2025-08-18,211.23,144.59,27.72,261.46,False,1.47
TAS1,2025-08-19,195.57,130.6,13.73,247.47,False,1.43
TAS1,2025-08-20,153.36,134.46,17.59,251.33,False,0.42
TAS1,2025-08-21,144.48,113.35,-3.52,230.22,False,0.69
TAS1,2025-08-22,138.49,102.97,-13.9,219.84,False,0.78
TAS1,2025-08-23,152.28,94.22,-22.65,211.09,False,1.28
TAS1,2025-08-24,150.38,113.38,-3.49,230.25,False,0.82
TAS1,2025-08-25,127.63,146.97,30.1,263.84,False,-0.43
TAS1,2025-08-26,69.09,187.15,70.28,304.02,True,-2.6
TAS1,2025-08-27,62.22,159.76,42.9,276.63,False,-2.15
TAS1,2025-08-28,47.71,177.18,60.31,294.05,True,-2.85
TAS1,2025-08-29,61.44,119.44,2.57,236.31,False,-1.28
TAS1,2025-08-30,31.95,126.2,9.33,243.07,False,-2.08
TAS1,2025-08-31,44.2,129.33,12.46,246.2,False,-1.88
TAS1,2025-09-01,114.39,160.9,44.03,277.77,False,-1.03
TAS1,2025-09-02,75.59,174.29,57.42,291.16,False,-2.18
TAS1,2025-09-03,44.86,157.31,40.44,274.18,False,-2.48
TAS1,2025-09-04,31.15,104.47,-12.4,221.34,False,-1.62
TAS1,2025-09-05,66.68,107.18,-9.69,224.05,False,-0.89
TAS1,2025-09-06,34.57,88.59,-28.28,205.46,False,-1.19
TAS1,2025-09-07,29.34,75.21,-41.66,192.08,False,-1.01
TAS1,2025-09-08,9.97,85.22,-31.65,202.09,False,-1.66
TAS1,2025-09-09,28.05,82.3,-34.57,199.17,False,-1.2
TAS1,2025-09-10,87.84,77.04,-39.83,193.91,False,0.24
TAS1,2025-09-11,50.41,62.59,-54.28,179.46,False,-0.27
TAS1,2025-09-12,32.31,68.54,-48.33,185.41,False,-0.8
TAS1,2025-09-13,47.27,55.43,-61.44,172.29,False,-0.18
TAS1,2025-09-14,13.75,53.47,-63.4,170.34,False,-0.88
TAS1,2025-09-15,12.99,29.49,-87.38,146.36,False,-0.36
TAS1,2025-09-16,10.99,28.61,-88.25,145.48,False,-0.39
TAS1,2025-09-17,20.18,27.21,-89.66,144.08,False,-0.15
TAS1,2025-09-18,8.57,47.16,-69.7,164.03,False,-0.85
TAS1,2025-09-19,0.58,47.19,-69.68,164.06,False,-1.03
TAS1,2025-09-20,-0.82,30.68,-86.18,147.55,False,-0.69
TAS1,2025-09-21,0.68,34.24,-82.63,151.11,False,-0.74
TAS1,2025-09-22,15.92,39.93,-76.94,156.8,False,-0.53
TAS1,2025-09-23,4.27,1.66,-115.21,118.52,False,0.06
TAS1,2025-09-24,17.56,19.12,-97.75,135.98,False,-0.03
TAS1,2025-09-25,7.74,15.52,-101.35,132.39,False,-0.17
TAS1,2025-09-26,5.49,9.77,-107.1,126.64,False,-0.09
TAS1,2025-09-27,-2.84,8.63,-108.23,125.5,False,-0.25
TAS1,2025-09-28,26.83,5.51,-111.36,122.37,False,0.47
TAS1,2025-09-29,40.02,22.09,-94.78,138.96,False,0.4
TAS1,2025-09-30,24.74,58.0,-58.87,174.87,False,-0.73
TAS1,2025-10-01,1.14,41.4,-75.47,158.27,False,-0.89
TAS1,2025-10-02,1.54,13.23,-103.64,130.09,False,-0.26
TAS1,2025-10-03,20.81,16.51,-100.36,133.38,False,0.09
TAS1,2025-10-04,4.79,17.76,-99.11,134.63,False,-0.29
TAS1,2025-10-05,5.9,12.65,-104.22,129.52,False,-0.15
TAS1,2025-10-06,10.09,13.1,-103.77,129.97,False,-0.07
TAS1,2025-10-07,21.31,11.49,-105.38,128.36,False,0.22
TAS1,2025-10-08,6.0,4.82,-112.05,121.69,False,0.03
TAS1,2025-10-09,1.74,5.68,-111.19,122.55,False,-0.09
TAS1,2025-10-10,7.96,6.28,-110.59,123.14,False,0.04
TAS1,2025-10-11,6.0,11.08,-105.79,127.95,False,-0.11
TAS1,2025-10-12,13.55,11.66,-105.21,128.53,False,0.04
TAS1,2025-10-13,36.47,6.79,-110.08,123.65,False,0.65
TAS1,2025-10-14,17.23,-5.62,-122.48,111.25,False,0.5
TAS1,2025-10-15,46.59,8.66,-108.21,125.53,False,0.84
TAS1,2025-10-16,17.96,11.96,-104.91,128.83,False,0.13
TAS1,2025-10-17,14.81,23.68,-93.19,140.55,False,-0.2
TAS1,2025-10-18,16.57,5.87,-111.0,122.74,False,0.24
TAS1,2025-10-19,10.51,12.92,-103.95,129.79,False,-0.05
TAS1,2025-10-20,6.14,6.56,-110.31,123.43,False,-0.01
TAS1,2025-10-21,0.23,16.7,-100.17,133.56,False,-0.36
TAS1,2025-10-22,17.63,22.05,-94.82,138.92,False,-0.1
TAS1,2025-10-23,1.43,22.01,-94.86,138.88,False,-0.45
TAS1,2025-10-24,10.8,24.62,-92.25,141.49,False,-0.3
TAS1,2025-10-25,35.6,29.98,-86.89,146.85,False,0.12
TAS1,2025-10-26,8.81,21.31,-95.56,138.18,False,-0.28
TAS1,2025-10-27,63.46,19.88,-96.98,136.75,False,0.96
TAS1,2025-10-28,78.39,27.96,-88.91,144.83,False,1.11
TAS1,2025-10-29,104.99,35.86,-81.01,152.73,False,1.52
TAS1,2025-10-30,91.72,34.84,-82.03,151.71,False,1.25
TAS1,2025-10-31,80.46,30.18,-86.69,147.04,False,1.11
TAS1,2025-11-01,69.35,18.01,-98.86,134.88,False,1.13
TAS1,2025-11-02,31.73,21.03,-95.84,137.9,False,0.24
TAS1,2025-11-03,91.58,23.93,-92.94,140.8,False,1.49
TAS1,2025-11-04,65.64,26.62,-90.25,143.49,False,0.86
TAS1,2025-11-05,33.73,36.7,-80.17,153.57,False,-0.07
TAS1,2025-11-06,55.26,38.78,-78.09,155.65,False,0.36
TAS1,2025-11-07,62.04,57.26,-59.61,174.13,False,0.11
TAS1,2025-11-08,22.57,43.94,-72.93,160.8,False,-0.47
TAS1,2025-11-09,21.56,65.54,-51.32,182.41,False,-0.97
TAS1,2025-11-10,45.87,64.46,-52.41,181.33,False,-0.41
TAS1,2025-11-11,31.61,80.25,-36.62,197.12,False,-1.07
TAS1,2025-11-12,20.47,54.49,-62.38,171.36,False,-0.75
TAS1,2025-11-13,18.34,54.09,-62.78,170.96,False,-0.79
TAS1,2025-11-14,55.17,59.72,-57.15,176.59,False,-0.1
TAS1,2025-11-15,40.67,53.22,-63.65,170.09,False,-0.28
TAS1,2025-11-16,9.67,58.26,-58.61,175.12,False,-1.07
TAS1,2025-11-17,4.1,62.31,-54.56,179.18,False,-1.28
TAS1,2025-11-18,12.12,50.36,-66.51,167.23,False,-0.84
TAS1,2025-11-19,20.26,47.78,-69.09,164.65,False,-0.61
TAS1,2025-11-20,27.06,11.99,-104.88,128.86,False,0.33
TAS1,2025-11-21,33.45,38.04,-78.83,154.91,False,-0.1
TAS1,2025-11-22,44.66,25.32,-91.55,142.19,False,0.43
TAS1,2025-11-23,63.75,20.73,-96.13,137.6,False,0.95
TAS1,2025-11-24,50.87,0.25,-116.62,117.12,False,1.12
TAS1,2025-11-25,32.61,11.45,-105.42,128.31,False,0.47
TAS1,2025-11-26,32.83,-14.65,-131.52,102.22,False,1.05
TAS1,2025-11-27,37.49,21.18,-95.69,138.05,False,0.36
TAS1,2025-11-28,55.39,13.85,-103.02,130.72,False,0.92
TAS1,2025-11-29,62.85,24.73,-92.14,141.6,False,0.84
TAS1,2025-11-30,62.71,30.91,-85.96,147.78,False,0.7
TAS1,2025-12-01,63.33,24.67,-92.2,141.54,False,0.85
TAS1,2025-12-02,65.17,30.35,-86.52,147.22,False,0.77
TAS1,2025-12-03,59.11,14.62,-102.25,131.49,False,0.98
TAS1,2025-12-04,62.31,30.47,-86.4,147.34,False,0.7
TAS1,2025-12-05,89.85,29.57,-87.3,146.44,False,1.33
TAS1,2025-12-06,76.03,39.19,-77.67,156.06,False,0.81
TAS1,2025-12-07,55.9,38.48,-78.39,155.35,False,0.38
TAS1,2025-12-08,66.15,31.37,-85.5,148.24,False,0.77
TAS1,2025-12-09,64.6,31.76,-85.1,148.63,False,0.72
TAS1,2025-12-10,90.38,29.23,-87.64,146.1,False,1.35
TAS1,2025-12-11,73.89,41.12,-75.75,157.99,False,0.72
TAS1,2025-12-12,77.54,48.03,-68.83,164.9,False,0.65
TAS1,2025-12-13,84.89,53.65,-63.22,170.52,False,0.69
TAS1,2025-12-14,49.95,52.17,-64.7,169.04,False,-0.05
TAS1,2025-12-15,67.34,66.53,-50.34,183.4,False,0.02
TAS1,2025-12-16,75.07,51.29,-65.57,168.16,False,0.52
TAS1,2025-12-17,93.87,57.14,-59.73,174.0,False,0.81
TAS1,2025-12-18,101.11,49.62,-67.25,166.49,False,1.13
TAS1,2025-12-19,85.91,54.13,-62.74,171.0,False,0.7
TAS1,2025-12-20,79.46,41.41,-75.46,158.28,False,0.84
TAS1,2025-12-21,85.69,43.05,-73.82,159.92,False,0.94
TAS1,2025-12-22,61.16,50.68,-66.19,167.55,False,0.23
TAS1,2025-12-23,20.55,55.97,-60.9,172.83,False,-0.78
TAS1,2025-12-24,18.12,44.48,-72.38,161.35,False,-0.58
TAS1,2025-12-25,7.13,64.11,-52.76,180.98,False,-1.26
TAS1,2025-12-26,4.61,63.81,-53.06,180.68,False,-1.3
TAS1,2025-12-27,16.89,52.47,-64.4,169.34,False,-0.78
TAS1,2025-12-28,32.96,67.28,-49.58,184.15,False,-0.76
TAS1,2025-12-29,34.32,65.76,-51.11,182.62,False,-0.69
TAS1,2025-12-30,40.87,68.82,-48.05,185.69,False,-0.62
TAS1,2025-12-31,35.39,51.73,-65.14,168.59,False,-0.36
TAS1,2026-01-01,38.8,62.19,-54.68,179.05,False,-0.52
TAS1,2026-01-02,55.45,67.35,-49.52,184.22,False,-0.26
TAS1,2026-01-03,53.6,53.24,-63.63,170.11,False,0.01
TAS1,2026-01-04,58.68,59.62,-57.25,176.49,False,-0.02
TAS1,2026-01-05,87.27,69.19,-47.68,186.06,False,0.4
TAS1,2026-01-06,96.89,71.59,-45.28,188.46,False,0.56
TAS1,2026-01-07,125.43,68.17,-48.7,185.04,False,1.26
TAS1,2026-01-08,113.44,52.35,-64.52,169.22,False,1.35
TAS1,2026-01-09,124.26,109.84,-7.03,226.71,False,0.32
TAS1,2026-01-10,56.75,84.53,-32.34,201.39,False,-0.61
TAS1,2026-01-11,64.66,44.18,-72.68,161.05,False,0.45
TAS1,2026-01-12,243.37,68.76,-48.11,185.63,True,3.85
TAS1,2026-01-13,104.06,59.01,-57.86,175.88,False,0.99
TAS1,2026-01-14,99.47,60.33,-56.54,177.2,False,0.86
TAS1,2026-01-15,101.95,61.65,-55.22,178.52,False,0.89
TAS1,2026-01-16,88.72,85.42,-31.45,202.29,False,0.07
TAS1,2026-01-17,78.16,99.34,-17.53,216.21,False,-0.47
TAS1,2026-01-18,83.41,63.43,-53.43,180.3,False,0.44
TAS1,2026-01-19,88.23,90.95,-25.92,207.82,False,-0.06
TAS1,2026-01-20,107.96,86.98,-29.89,203.85,False,0.46
TAS1,2026-01-21,108.77,85.7,-31.17,202.57,False,0.51
TAS1,2026-01-22,105.17,90.13,-26.74,207.0,False,0.33
TAS1,2026-01-23,116.5,83.82,-33.04,200.69,False,0.72
TAS1,2026-01-24,106.19,66.81,-50.06,183.68,False,0.87
TAS1,2026-01-25,109.69,72.84,-44.03,189.71,False,0.81
TAS1,2026-01-26,113.34,93.46,-23.41,210.33,False,0.44
TAS1,2026-01-27,161.03,88.73,-28.14,205.6,False,1.59
TAS1,2026-01-28,128.99,90.93,-25.93,207.8,False,0.84
TAS1,2026-01-29,105.49,88.91,-27.96,205.77,False,0.37
TAS1,2026-01-30,104.23,81.88,-34.99,198.75,False,0.49
TAS1,2026-01-31,98.67,91.61,-25.26,208.48,False,0.16
TAS1,2026-02-01,65.6,99.41,-17.46,216.28,False,-0.75
TAS1,2026-02-02,87.84,92.47,-24.4,209.34,False,-0.1
TAS1,2026-02-03,96.8,85.72,-31.15,202.59,False,0.24
TAS1,2026-02-04,98.8,88.58,-28.29,205.45,False,0.23
TAS1,2026-02-05,86.37,90.92,-25.95,207.79,False,-0.1
TAS1,2026-02-06,90.98,76.64,-40.23,193.51,False,0.32
TAS1,2026-02-07,95.59,92.9,-23.96,209.77,False,0.06
TAS1,2026-02-08,104.71,100.39,-16.48,217.25,False,0.1
TAS1,2026-02-09,104.02,93.46,-23.4,210.33,False,0.23
TAS1,2026-02-10,94.6,104.79,-12.08,221.66,False,-0.22
TAS1,2026-02-11,93.03,101.87,-15.0,218.74,False,-0.19
TAS1,2026-02-12,88.13,97.94,-18.93,214.81,False,-0.22
TAS1,2026-02-13,95.66,101.88,-14.98,218.75,False,-0.14
TAS1,2026-02-14,93.17,98.47,-18.4,215.34,False,-0.12
TAS1,2026-02-15,94.92,114.34,-2.53,231.21,False,-0.43
TAS1,2026-02-16,99.26,106.97,-9.9,223.84,False,-0.17
TAS1,2026-02-17,102.66,99.73,-17.14,216.6,False,0.06
TAS1,2026-02-18,76.26,95.38,-21.49,212.25,False,-0.42
TAS1,2026-02-19,79.97,101.2,-15.67,218.07,False,-0.47
TAS1,2026-02-20,95.66,136.59,19.73,253.46,False,-0.9
TAS1,2026-02-21,94.15,89.66,-27.21,206.53,False,0.1
TAS1,2026-02-22,91.89,83.24,-33.63,200.11,False,0.19
TAS1,2026-02-23,97.77,108.59,-8.28,225.46,False,-0.24
TAS1,2026-02-24,91.82,92.36,-24.51,209.22,False,-0.01
TAS1,2026-02-25,71.39,112.6,-4.27,229.47,False,-0.91
TAS1,2026-02-26,67.92,91.38,-25.49,208.25,False,-0.52
TAS1,2026-02-27,90.06,93.13,-23.74,209.99,False,-0.07
TAS1,2026-02-28,78.71,91.9,-24.97,208.76,False,-0.29
TAS1,2026-03-01,73.43,96.15,-20.72,213.02,False,-0.5
TAS1,2026-03-02,87.24,97.08,-19.79,213.95,False,-0.22
TAS1,2026-03-03,104.67,93.69,-23.18,210.56,False,0.24
TAS1,2026-03-04,92.89,82.01,-34.86,198.88,False,0.24
TAS1,2026-03-05,80.82,89.19,-27.68,206.06,False,-0.18
TAS1,2026-03-06,91.7,89.66,-27.21,206.53,False,0.05
TAS1,2026-03-07,84.41,85.13,-31.74,202.0,False,-0.02
TAS1,2026-03-08,71.49,86.03,-30.84,202.9,False,-0.32
TAS1,2026-03-09,91.77,78.23,-38.63,195.1,False,0.3
TAS1,2026-03-10,101.71,98.74,-18.13,215.61,False,0.07
TAS1,2026-03-11,74.01,105.91,-10.96,222.78,False,-0.7
TAS1,2026-03-12,74.23,103.8,-13.07,220.67,False,-0.65
TAS1,2026-03-13,75.68,100.2,-16.67,217.07,False,-0.54
TAS1,2026-03-14,85.6,94.12,-22.75,210.99,False,-0.19
TAS1,2026-03-15,93.35,83.25,-33.62,200.12,False,0.22
TAS1,2026-03-16,100.36,94.43,-22.44,211.3,False,0.13
TAS1,2026-03-17,104.34,99.15,-17.72,216.02,False,0.11
TAS1,2026-03-18,100.5,97.26,-19.61,214.13,False,0.07
TAS1,2026-03-19,104.03,87.06,-29.81,203.93,False,0.37
TAS1,2026-03-20,102.65,93.04,-23.83,209.91,False,0.21
TAS1,2026-03-21,99.92,94.63,-22.24,211.49,False,0.12
TAS1,2026-03-22,93.71,92.76,-24.11,209.63,False,0.02
TAS1,2026-03-23,97.55,87.82,-29.05,204.68,False,0.21
TAS1,2026-03-24,97.49,86.21,-30.66,203.07,False,0.25
TAS1,2026-03-25,95.41,85.44,-31.42,202.31,False,0.22
TAS1,2026-03-26,87.22,89.47,-27.4,206.34,False,-0.05
TAS1,2026-03-27,90.73,86.92,-29.95,203.79,False,0.08
TAS1,2026-03-28,90.14,128.23,11.36,245.1,False,-0.84
TAS1,2026-03-29,88.65,105.24,-11.63,222.11,False,-0.37
TAS1,2026-03-30,96.09,95.93,-20.94,212.8,False,0.0
TAS1,2026-03-31,90.43,90.83,-26.04,207.7,False,-0.01
TAS1,2026-04-01,90.78,100.3,-16.57,217.17,False,-0.21
TAS1,2026-04-02,89.73,100.53,-16.34,217.4,False,-0.24
TAS1,2026-04-03,77.01,101.97,-14.9,218.84,False,-0.55
TAS1,2026-04-04,78.73,102.61,-14.26,219.48,False,-0.53
TAS1,2026-04-05,90.17,96.0,-20.87,212.86,False,-0.13
TAS1,2026-04-06,86.85,120.48,3.61,237.35,False,-0.74
TAS1,2026-04-07,88.06,103.28,-13.59,220.15,False,-0.34
TAS1,2026-04-08,95.13,111.54,-5.33,228.41,False,-0.36
TAS1,2026-04-09,73.07,107.54,-9.33,224.4,False,-0.76
TAS1,2026-04-10,64.7,88.05,-28.82,204.92,False,-0.51
TAS1,2026-04-11,65.78,79.57,-37.3,196.43,False,-0.3
TAS1,2026-04-12,66.81,86.11,-30.76,202.97,False,-0.43
TAS1,2026-04-13,85.19,94.41,-22.46,211.28,False,-0.2
TAS1,2026-04-14,90.49,94.27,-22.6,211.14,False,-0.08
TAS1,2026-04-15,94.18,100.89,-15.98,217.75,False,-0.15
TAS1,2026-04-16,79.28,98.44,-18.43,215.31,False,-0.42
TAS1,2026-04-17,78.92,97.18,-19.69,214.05,False,-0.4
TAS1,2026-04-18,92.85,98.94,-17.93,215.81,False,-0.13
TAS1,2026-04-19,96.61,79.92,-36.95,196.79,False,0.37
TAS1,2026-04-20,107.31,82.43,-34.44,199.3,False,0.55
TAS1,2026-04-21,87.6,85.4,-31.46,202.27,False,0.05
TAS1,2026-04-22,78.68,89.06,-27.81,205.92,False,-0.23
TAS1,2026-04-23,86.15,78.9,-37.97,195.77,False,0.16
TAS1,2026-04-24,82.94,80.55,-36.31,197.42,False,0.05
TAS1,2026-04-25,69.21,93.24,-23.63,210.11,False,-0.53
TAS1,2026-04-26,84.87,95.69,-21.18,212.55,False,-0.24
TAS1,2026-04-27,94.38,89.59,-27.28,206.45,False,0.11
TAS1,2026-04-28,90.03,92.43,-24.44,209.3,False,-0.05
TAS1,2026-04-29,102.89,92.48,-24.39,209.35,False,0.23
TAS1,2026-04-30,88.74,84.92,-31.95,201.79,False,0.08
TAS1,2026-05-01,80.91,87.23,-29.64,204.1,False,-0.14
TAS1,2026-05-02,79.76,90.61,-26.26,207.48,False,-0.24
TAS1,2026-05-03,82.24,100.9,-15.97,217.76,False,-0.41
TAS1,2026-05-04,84.46,89.14,-27.73,206.01,False,-0.1
TAS1,2026-05-05,94.03,96.3,-20.57,213.17,False,-0.05
TAS1,2026-05-06,91.69,106.43,-10.44,223.3,False,-0.32
TAS1,2026-05-07,90.27,100.28,-16.59,217.14,False,-0.22
TAS1,2026-05-08,82.36,86.99,-29.88,203.86,False,-0.1
TAS1,2026-05-09,88.6,104.08,-12.79,220.95,False,-0.34
TAS1,2026-05-10,95.03,108.8,-8.07,225.67,False,-0.3
TAS1,2026-05-11,100.09,104.46,-12.41,221.33,False,-0.1
TAS1,2026-05-12,98.74,105.81,-11.06,222.68,False,-0.16
TAS1,2026-05-13,97.66,86.98,-29.89,203.85,False,0.24
TAS1,2026-05-14,103.96,94.67,-22.2,211.54,False,0.2
TAS1,2026-05-15,92.5,89.43,-27.44,206.3,False,0.07
TAS1,2026-05-16,93.69,92.65,-24.21,209.52,False,0.02
TAS1,2026-05-17,109.88,95.88,-20.99,212.75,False,0.31
TAS1,2026-05-18,119.75,94.06,-22.81,210.93,False,0.57
TAS1,2026-05-19,95.82,91.58,-25.29,208.45,False,0.09
TAS1,2026-05-20,96.85,87.18,-29.68,204.05,False,0.21
TAS1,2026-05-21,102.81,96.72,-20.15,213.59,False,0.13
TAS1,2026-05-22,101.78,103.74,-13.13,220.61,False,-0.04
TAS1,2026-05-23,97.33,92.32,-24.55,209.18,False,0.11
TAS1,2026-05-24,100.82,99.99,-16.88,216.86,False,0.02
TAS1,2026-05-25,102.04,97.3,-19.57,214.16,False,0.1
TAS1,2026-05-26,109.54,103.26,-13.61,220.13,False,0.14
TAS1,2026-05-27,106.48,103.77,-13.1,220.64,False,0.06
TAS1,2026-05-28,104.85,99.01,-17.86,215.88,False,0.13
TAS1,2026-05-29,100.5,98.82,-18.05,215.69,False,0.04
TAS1,2026-05-30,92.93,105.83,-11.04,222.69,False,-0.28
TAS1,2026-05-31,82.99,95.05,-21.82,211.92,False,-0.27
TAS1,2026-06-01,80.02,110.23,-6.63,227.1,False,-0.67
VIC1,2025-01-01,-20.97,66.45,-79.37,212.27,False,-1.54
VIC1,2025-01-02,-10.43,45.36,-100.46,191.18,False,-0.99
VIC1,2025-01-03,46.22,35.04,-110.77,180.86,False,0.2
VIC1,2025-01-04,70.3,88.01,-57.81,233.83,False,-0.31
VIC1,2025-01-05,78.27,56.62,-89.2,202.44,False,0.38
VIC1,2025-01-06,49.59,41.84,-103.98,187.66,False,0.14
VIC1,2025-01-07,-18.07,34.29,-111.53,180.11,False,-0.92
VIC1,2025-01-08,38.66,42.89,-102.93,188.7,False,-0.07
VIC1,2025-01-09,100.55,80.47,-65.35,226.28,False,0.35
VIC1,2025-01-10,102.36,89.73,-56.09,235.55,False,0.22
VIC1,2025-01-11,92.92,14.05,-131.77,159.87,False,1.39
VIC1,2025-01-12,93.52,39.53,-106.29,185.35,False,0.95
VIC1,2025-01-13,98.74,40.87,-104.95,186.69,False,1.02
VIC1,2025-01-14,103.54,53.71,-92.11,199.53,False,0.88
VIC1,2025-01-15,36.16,40.9,-104.92,186.72,False,-0.08
VIC1,2025-01-16,49.37,40.42,-105.4,186.23,False,0.16
VIC1,2025-01-17,1.67,56.12,-89.7,201.94,False,-0.96
VIC1,2025-01-18,3.08,14.28,-131.54,160.09,False,-0.2
VIC1,2025-01-19,62.33,14.9,-130.92,160.72,False,0.84
VIC1,2025-01-20,140.2,45.51,-100.31,191.33,False,1.67
VIC1,2025-01-21,124.59,51.12,-94.7,196.94,False,1.3
VIC1,2025-01-22,-14.34,78.41,-67.41,224.23,False,-1.64
VIC1,2025-01-23,55.06,93.62,-52.2,239.43,False,-0.68
VIC1,2025-01-24,34.53,65.41,-80.41,211.22,False,-0.55
VIC1,2025-01-25,27.21,44.31,-101.51,190.13,False,-0.3
VIC1,2025-01-26,29.7,14.85,-130.97,160.67,False,0.26
VIC1,2025-01-27,37.07,57.81,-88.0,203.63,False,-0.37
VIC1,2025-01-28,11.31,76.28,-69.54,222.1,False,-1.15
VIC1,2025-01-29,7.51,55.22,-90.6,201.04,False,-0.84
VIC1,2025-01-30,34.67,33.15,-112.67,178.97,False,0.03
VIC1,2025-01-31,33.7,57.98,-87.84,203.8,False,-0.43
VIC1,2025-02-01,71.47,53.97,-91.85,199.79,False,0.31
VIC1,2025-02-02,77.6,51.12,-94.7,196.93,False,0.47
VIC1,2025-02-03,277.02,46.67,-99.15,192.49,True,4.07
VIC1,2025-02-04,102.12,36.31,-109.51,182.13,False,1.16
VIC1,2025-02-05,33.03,49.68,-96.14,195.49,False,-0.29
VIC1,2025-02-06,131.67,42.45,-103.37,188.27,False,1.58
VIC1,2025-02-07,89.7,47.54,-98.28,193.36,False,0.74
VIC1,2025-02-08,-1.5,41.24,-104.58,187.05,False,-0.75
VIC1,2025-02-09,-23.85,54.31,-91.51,200.12,False,-1.38
VIC1,2025-02-10,13.52,65.2,-80.62,211.02,False,-0.91
VIC1,2025-02-11,97.97,76.1,-69.72,221.92,False,0.39
VIC1,2025-02-12,151.17,78.68,-67.14,224.5,False,1.28
VIC1,2025-02-13,65.03,124.43,-21.39,270.24,False,-1.05
VIC1,2025-02-14,53.8,85.14,-60.68,230.96,False,-0.55
VIC1,2025-02-15,-9.75,67.03,-78.79,212.84,False,-1.36
VIC1,2025-02-16,28.12,57.85,-87.96,203.67,False,-0.53
VIC1,2025-02-17,66.37,72.24,-73.57,218.06,False,-0.1
VIC1,2025-02-18,50.41,91.5,-54.32,237.31,False,-0.73
VIC1,2025-02-19,24.18,66.6,-79.22,212.42,False,-0.75
VIC1,2025-02-20,16.35,54.25,-91.57,200.07,False,-0.67
VIC1,2025-02-21,50.01,69.18,-76.64,215.0,False,-0.34
VIC1,2025-02-22,62.85,67.66,-78.16,213.48,False,-0.08
VIC1,2025-02-23,51.85,85.95,-59.87,231.77,False,-0.6
VIC1,2025-02-24,58.88,213.27,67.45,359.09,True,-2.73
VIC1,2025-02-25,80.46,102.32,-43.49,248.14,False,-0.39
VIC1,2025-02-26,93.14,55.57,-90.25,201.38,False,0.66
VIC1,2025-02-27,120.63,53.84,-91.98,199.65,False,1.18
VIC1,2025-02-28,86.95,50.06,-95.76,195.88,False,0.65
VIC1,2025-03-01,70.21,48.67,-97.15,194.49,False,0.38
VIC1,2025-03-02,23.85,38.87,-106.95,184.69,False,-0.27
VIC1,2025-03-03,12.3,58.8,-87.02,204.61,False,-0.82
VIC1,2025-03-04,57.65,67.63,-78.19,213.45,False,-0.18
VIC1,2025-03-05,57.55,78.5,-67.32,224.31,False,-0.37
VIC1,2025-03-06,-0.98,70.47,-75.34,216.29,False,-1.26
VIC1,2025-03-07,40.55,71.46,-74.36,217.28,False,-0.55
VIC1,2025-03-08,44.43,42.14,-103.68,187.95,False,0.04
VIC1,2025-03-09,77.01,54.35,-91.47,200.16,False,0.4
VIC1,2025-03-10,88.4,83.05,-62.77,228.87,False,0.09
VIC1,2025-03-11,99.09,65.54,-80.27,211.36,False,0.59
VIC1,2025-03-12,89.77,54.17,-91.65,199.99,False,0.63
VIC1,2025-03-13,104.78,35.59,-110.22,181.41,False,1.22
VIC1,2025-03-14,107.96,39.59,-106.23,185.41,False,1.21
VIC1,2025-03-15,84.78,30.77,-115.05,176.59,False,0.95
VIC1,2025-03-16,13.59,49.91,-95.9,195.73,False,-0.64
VIC1,2025-03-17,43.18,74.42,-71.4,220.24,False,-0.55
VIC1,2025-03-18,89.12,65.01,-80.8,210.83,False,0.43
VIC1,2025-03-19,107.92,76.81,-69.01,222.62,False,0.55
VIC1,2025-03-20,73.14,69.72,-76.1,215.53,False,0.06
VIC1,2025-03-21,111.95,48.32,-97.5,194.14,False,1.12
VIC1,2025-03-22,74.33,52.47,-93.35,198.29,False,0.39
VIC1,2025-03-23,54.82,63.16,-82.66,208.98,False,-0.15
VIC1,2025-03-24,62.05,67.66,-78.15,213.48,False,-0.1
VIC1,2025-03-25,64.37,57.64,-88.18,203.46,False,0.12
VIC1,2025-03-26,57.45,76.49,-69.33,222.31,False,-0.34
VIC1,2025-03-27,50.5,73.36,-72.46,219.18,False,-0.4
VIC1,2025-03-28,109.18,66.28,-79.54,212.1,False,0.76
VIC1,2025-03-29,59.13,46.6,-99.22,192.42,False,0.22
VIC1,2025-03-30,-8.28,61.15,-84.67,206.96,False,-1.23
VIC1,2025-03-31,-5.27,75.26,-70.55,221.08,False,-1.42
VIC1,2025-04-01,46.29,92.1,-53.72,237.92,False,-0.81
VIC1,2025-04-02,107.72,107.83,-37.99,253.65,False,-0.0
VIC1,2025-04-03,65.47,98.06,-47.76,243.88,False,-0.58
VIC1,2025-04-04,83.11,102.25,-43.57,248.06,False,-0.34
VIC1,2025-04-05,50.27,76.31,-69.5,222.13,False,-0.46
VIC1,2025-04-06,45.91,85.51,-60.31,231.33,False,-0.7
VIC1,2025-04-07,98.12,56.03,-89.78,201.85,False,0.74
VIC1,2025-04-08,133.33,72.04,-73.78,217.86,False,1.08
VIC1,2025-04-09,144.15,69.4,-76.42,215.22,False,1.32
VIC1,2025-04-10,77.14,81.51,-64.31,227.33,False,-0.08
VIC1,2025-04-11,96.97,73.65,-72.17,219.47,False,0.41
VIC1,2025-04-12,83.4,62.3,-83.51,208.12,False,0.37
VIC1,2025-04-13,39.89,61.16,-84.65,206.98,False,-0.38
VIC1,2025-04-14,77.18,137.59,-8.23,283.41,False,-1.07
VIC1,2025-04-15,87.17,154.37,8.55,300.19,False,-1.19
VIC1,2025-04-16,94.47,100.17,-45.65,245.99,False,-0.1
VIC1,2025-04-17,124.35,117.95,-27.87,263.77,False,0.11
VIC1,2025-04-18,75.14,109.01,-36.8,254.83,False,-0.6
VIC1,2025-04-19,32.46,91.2,-54.62,237.01,False,-1.04
VIC1,2025-04-20,1.33,77.47,-68.35,223.29,False,-1.34
VIC1,2025-04-21,29.22,80.49,-65.33,226.31,False,-0.91
VIC1,2025-04-22,43.29,100.22,-45.6,246.04,False,-1.01
VIC1,2025-04-23,43.56,89.65,-56.17,235.47,False,-0.81
VIC1,2025-04-24,55.32,67.32,-78.5,213.14,False,-0.21
VIC1,2025-04-25,84.91,73.44,-72.38,219.26,False,0.2
VIC1,2025-04-26,97.94,80.5,-65.32,226.32,False,0.31
VIC1,2025-04-27,80.73,78.94,-66.88,224.75,False,0.03
VIC1,2025-04-28,106.85,83.63,-62.19,229.44,False,0.41
VIC1,2025-04-29,81.31,45.73,-100.08,191.55,False,0.63
VIC1,2025-04-30,55.46,42.38,-103.44,188.2,False,0.23
VIC1,2025-05-01,85.5,79.32,-66.5,225.14,False,0.11
VIC1,2025-05-02,104.1,85.37,-60.45,231.18,False,0.33
VIC1,2025-05-03,11.87,71.07,-74.74,216.89,False,-1.05
VIC1,2025-05-04,-8.59,94.68,-51.14,240.49,False,-1.82
VIC1,2025-05-05,-9.3,98.53,-47.29,244.35,False,-1.9
VIC1,2025-05-06,-3.48,101.12,-44.7,246.94,False,-1.85
VIC1,2025-05-07,6.82,106.72,-39.1,252.53,False,-1.76
VIC1,2025-05-08,76.9,89.12,-56.7,234.94,False,-0.22
VIC1,2025-05-09,103.84,91.68,-54.13,237.5,False,0.21
VIC1,2025-05-10,87.9,66.99,-78.83,212.81,False,0.37
VIC1,2025-05-11,72.68,72.04,-73.78,217.86,False,0.01
VIC1,2025-05-12,117.08,86.74,-59.08,232.56,False,0.54
VIC1,2025-05-13,109.61,81.32,-64.5,227.14,False,0.5
VIC1,2025-05-14,114.95,66.73,-79.09,212.55,False,0.85
VIC1,2025-05-15,138.67,65.08,-80.74,210.9,False,1.3
VIC1,2025-05-16,139.48,77.5,-68.32,223.32,False,1.09
VIC1,2025-05-17,87.41,48.06,-97.76,193.88,False,0.7
VIC1,2025-05-18,42.25,52.6,-93.22,198.42,False,-0.18
VIC1,2025-05-19,98.79,75.54,-70.28,221.36,False,0.41
VIC1,2025-05-20,129.42,81.84,-63.98,227.66,False,0.84
VIC1,2025-05-21,178.59,91.78,-54.04,237.6,False,1.53
VIC1,2025-05-22,136.04,85.03,-60.79,230.85,False,0.9
VIC1,2025-05-23,132.07,44.64,-101.18,190.46,False,1.54
VIC1,2025-05-24,8.39,74.89,-70.93,220.71,False,-1.17
VIC1,2025-05-25,18.47,61.51,-84.31,207.33,False,-0.76
VIC1,2025-05-26,-3.44,91.76,-54.06,237.58,False,-1.68
VIC1,2025-05-27,32.73,87.31,-58.51,233.13,False,-0.96
VIC1,2025-05-28,72.99,102.78,-43.04,248.6,False,-0.53
VIC1,2025-05-29,96.0,83.91,-61.91,229.73,False,0.21
VIC1,2025-05-30,116.39,94.11,-51.7,239.93,False,0.39
VIC1,2025-05-31,125.14,89.5,-56.32,235.31,False,0.63
VIC1,2025-06-01,68.07,87.59,-58.23,233.4,False,-0.34
VIC1,2025-06-02,111.51,70.17,-75.65,215.99,False,0.73
VIC1,2025-06-03,110.37,90.1,-55.72,235.92,False,0.36
VIC1,2025-06-04,131.63,96.97,-48.85,242.79,False,0.61
VIC1,2025-06-05,116.41,86.56,-59.26,232.38,False,0.53
VIC1,2025-06-06,68.65,87.35,-58.47,233.17,False,-0.33
VIC1,2025-06-07,63.85,73.57,-72.25,219.39,False,-0.17
VIC1,2025-06-08,62.39,74.68,-71.14,220.5,False,-0.22
VIC1,2025-06-09,112.01,105.88,-39.93,251.7,False,0.11
VIC1,2025-06-10,191.55,94.41,-51.41,240.22,False,1.72
VIC1,2025-06-11,603.84,98.43,-47.39,244.25,True,8.93
VIC1,2025-06-12,1786.18,106.63,-39.19,252.45,True,29.67
VIC1,2025-06-13,254.09,81.31,-64.51,227.13,True,3.05
VIC1,2025-06-14,85.19,86.56,-59.26,232.38,False,-0.02
VIC1,2025-06-15,135.52,80.36,-65.46,226.18,False,0.97
VIC1,2025-06-16,68.62,101.77,-44.05,247.59,False,-0.59
VIC1,2025-06-17,118.14,126.05,-19.76,271.87,False,-0.14
VIC1,2025-06-18,316.73,86.89,-58.93,232.71,True,4.06
VIC1,2025-06-19,162.5,213.54,67.73,359.36,False,-0.9
VIC1,2025-06-20,138.45,186.82,41.0,332.63,False,-0.85
VIC1,2025-06-21,102.29,197.07,51.25,342.88,False,-1.67
VIC1,2025-06-22,39.55,219.49,73.67,365.3,True,-3.18
VIC1,2025-06-23,10.97,193.69,47.87,339.5,True,-3.23
VIC1,2025-06-24,37.94,198.21,52.4,344.03,True,-2.83
VIC1,2025-06-25,86.6,207.68,61.87,353.5,False,-2.14
VIC1,2025-06-26,2048.73,203.45,57.64,349.27,True,32.6
VIC1,2025-06-27,315.5,212.2,66.39,358.02,False,1.82
VIC1,2025-06-28,192.36,176.47,30.65,322.29,False,0.28
VIC1,2025-06-29,188.24,152.98,7.16,298.8,False,0.62
VIC1,2025-06-30,210.24,145.29,-0.52,291.11,False,1.15
VIC1,2025-07-01,192.47,172.41,26.59,318.23,False,0.35
VIC1,2025-07-02,176.17,140.39,-5.42,286.21,False,0.63
VIC1,2025-07-03,184.89,211.89,66.07,357.71,False,-0.48
VIC1,2025-07-04,108.35,204.87,59.05,350.69,False,-1.71
VIC1,2025-07-05,20.7,239.62,93.8,385.44,True,-3.87
VIC1,2025-07-06,91.07,256.63,110.81,402.45,True,-2.92
VIC1,2025-07-07,105.26,278.18,132.36,424.0,True,-3.05
VIC1,2025-07-08,26.11,288.22,142.4,434.03,True,-4.63
VIC1,2025-07-09,53.37,320.61,174.8,466.43,True,-4.72
VIC1,2025-07-10,49.01,273.34,127.52,419.16,True,-3.96
VIC1,2025-07-11,61.74,218.77,72.95,364.59,True,-2.77
VIC1,2025-07-12,79.5,141.71,-4.11,287.53,False,-1.1
VIC1,2025-07-13,4.34,131.7,-14.12,277.51,False,-2.25
VIC1,2025-07-14,90.12,207.12,61.3,352.94,False,-2.07
VIC1,2025-07-15,99.81,225.77,79.95,371.59,False,-2.22
VIC1,2025-07-16,88.24,230.89,85.07,376.71,False,-2.52
VIC1,2025-07-17,87.16,27.15,-118.67,172.97,False,1.06
VIC1,2025-07-18,112.17,32.11,-113.71,177.92,False,1.41
VIC1,2025-07-19,40.93,28.47,-117.35,174.29,False,0.22
VIC1,2025-07-20,77.74,8.52,-137.3,154.34,False,1.22
VIC1,2025-07-21,11.88,28.44,-117.37,174.26,False,-0.29
VIC1,2025-07-22,10.71,40.08,-105.74,185.9,False,-0.52
VIC1,2025-07-23,70.83,31.93,-113.89,177.75,False,0.69
VIC1,2025-07-24,62.8,88.61,-57.21,234.43,False,-0.46
VIC1,2025-07-25,45.88,95.34,-50.48,241.16,False,-0.87
VIC1,2025-07-26,56.29,86.37,-59.45,232.19,False,-0.53
VIC1,2025-07-27,36.44,84.08,-61.74,229.9,False,-0.84
VIC1,2025-07-28,70.63,71.76,-74.05,217.58,False,-0.02
VIC1,2025-07-29,197.19,94.34,-51.48,240.15,False,1.82
VIC1,2025-07-30,122.7,115.71,-30.11,261.53,False,0.12
VIC1,2025-07-31,111.57,67.33,-78.49,213.15,False,0.78
VIC1,2025-08-01,152.78,82.46,-63.36,228.28,False,1.24
VIC1,2025-08-02,108.58,69.62,-76.2,215.44,False,0.69
VIC1,2025-08-03,45.01,47.83,-97.99,193.65,False,-0.05
VIC1,2025-08-04,18.92,65.62,-80.19,211.44,False,-0.83
VIC1,2025-08-05,31.87,85.73,-60.09,231.55,False,-0.95
VIC1,2025-08-06,103.55,89.54,-56.28,235.36,False,0.25
VIC1,2025-08-07,183.79,114.58,-31.23,260.4,False,1.22
VIC1,2025-08-08,107.29,80.01,-65.81,225.83,False,0.48
VIC1,2025-08-09,86.34,67.63,-78.19,213.45,False,0.33
VIC1,2025-08-10,88.99,59.88,-85.94,205.7,False,0.51
VIC1,2025-08-11,83.76,68.93,-76.89,214.75,False,0.26
VIC1,2025-08-12,127.66,56.33,-89.49,202.14,False,1.26
VIC1,2025-08-13,171.8,60.87,-84.95,206.69,False,1.96
VIC1,2025-08-14,85.89,72.12,-73.7,217.93,False,0.24
VIC1,2025-08-15,56.12,96.93,-48.89,242.74,False,-0.72
VIC1,2025-08-16,84.78,63.85,-81.96,209.67,False,0.37
VIC1,2025-08-17,116.7,52.6,-93.21,198.42,False,1.13
VIC1,2025-08-18,233.86,108.04,-37.78,253.86,False,2.22
VIC1,2025-08-19,207.93,102.59,-43.23,248.41,False,1.86
VIC1,2025-08-20,118.46,89.0,-56.82,234.82,False,0.52
VIC1,2025-08-21,119.13,74.09,-71.73,219.91,False,0.8
VIC1,2025-08-22,81.71,69.26,-76.56,215.07,False,0.22
VIC1,2025-08-23,106.62,57.64,-88.18,203.46,False,0.87
VIC1,2025-08-24,89.07,69.55,-76.27,215.37,False,0.34
VIC1,2025-08-25,67.33,102.96,-42.86,248.78,False,-0.63
VIC1,2025-08-26,48.09,100.96,-44.86,246.78,False,-0.93
VIC1,2025-08-27,24.33,165.81,19.99,311.63,False,-2.5
VIC1,2025-08-28,21.48,88.28,-57.54,234.1,False,-1.18
VIC1,2025-08-29,26.8,107.41,-38.41,253.23,False,-1.42
VIC1,2025-08-30,25.67,91.41,-54.41,237.23,False,-1.16
VIC1,2025-08-31,64.68,102.29,-43.53,248.11,False,-0.66
VIC1,2025-09-01,204.28,106.8,-39.02,252.62,False,1.72
VIC1,2025-09-02,91.19,100.35,-45.46,246.17,False,-0.16
VIC1,2025-09-03,32.02,72.14,-73.68,217.95,False,-0.71
VIC1,2025-09-04,62.35,55.32,-90.5,201.14,False,0.12
VIC1,2025-09-05,97.2,69.5,-76.32,215.31,False,0.49
VIC1,2025-09-06,15.33,42.29,-103.53,188.1,False,-0.48
VIC1,2025-09-07,-0.5,72.69,-73.13,218.51,False,-1.29
VIC1,2025-09-08,32.67,105.84,-39.98,251.65,False,-1.29
VIC1,2025-09-09,105.33,94.67,-51.15,240.49,False,0.19
VIC1,2025-09-10,132.38,133.5,-12.31,279.32,False,-0.02
VIC1,2025-09-11,99.77,116.79,-29.03,262.6,False,-0.3
VIC1,2025-09-12,109.54,133.61,-12.21,279.43,False,-0.43
VIC1,2025-09-13,114.2,70.55,-75.27,216.37,False,0.77
VIC1,2025-09-14,-9.88,40.94,-104.88,186.76,False,-0.9
VIC1,2025-09-15,2.53,53.82,-92.0,199.64,False,-0.91
VIC1,2025-09-16,24.13,64.75,-81.07,210.57,False,-0.72
VIC1,2025-09-17,59.89,83.88,-61.94,229.7,False,-0.42
VIC1,2025-09-18,35.12,90.46,-55.35,236.28,False,-0.98
VIC1,2025-09-19,3.68,77.57,-68.25,223.39,False,-1.31
VIC1,2025-09-20,14.08,76.67,-69.15,222.49,False,-1.11
VIC1,2025-09-21,19.72,60.48,-85.34,206.3,False,-0.72
VIC1,2025-09-22,48.04,78.01,-67.81,223.83,False,-0.53
VIC1,2025-09-23,77.77,62.28,-83.54,208.09,False,0.27
VIC1,2025-09-24,66.18,62.48,-83.34,208.3,False,0.07
VIC1,2025-09-25,34.19,68.43,-77.38,214.25,False,-0.6
VIC1,2025-09-26,9.07,74.1,-71.72,219.91,False,-1.15
VIC1,2025-09-27,17.81,48.66,-97.16,194.47,False,-0.54
VIC1,2025-09-28,60.87,33.05,-112.77,178.86,False,0.49
VIC1,2025-09-29,57.04,57.98,-87.84,203.79,False,-0.02
VIC1,2025-09-30,42.56,59.18,-86.64,205.0,False,-0.29
VIC1,2025-10-01,-4.99,62.56,-83.26,208.38,False,-1.19
VIC1,2025-10-02,8.96,62.45,-83.37,208.27,False,-0.94
VIC1,2025-10-03,46.41,27.15,-118.67,172.97,False,0.34
VIC1,2025-10-04,29.65,43.62,-102.2,189.44,False,-0.25
VIC1,2025-10-05,-15.23,32.44,-113.38,178.26,False,-0.84
VIC1,2025-10-06,48.06,48.52,-97.3,194.34,False,-0.01
VIC1,2025-10-07,69.42,52.56,-93.26,198.37,False,0.3
VIC1,2025-10-08,29.63,39.02,-106.8,184.84,False,-0.17
VIC1,2025-10-09,-1.03,34.46,-111.36,180.27,False,-0.63
VIC1,2025-10-10,-25.16,33.16,-112.66,178.98,False,-1.03
VIC1,2025-10-11,6.83,24.16,-121.66,169.98,False,-0.31
VIC1,2025-10-12,31.29,15.39,-130.42,161.21,False,0.28
VIC1,2025-10-13,88.19,27.34,-118.47,173.16,False,1.07
VIC1,2025-10-14,60.8,36.16,-109.66,181.98,False,0.44
VIC1,2025-10-15,100.49,41.12,-104.69,186.94,False,1.05
VIC1,2025-10-16,34.56,41.07,-104.74,186.89,False,-0.12
VIC1,2025-10-17,46.59,42.51,-103.3,188.33,False,0.07
VIC1,2025-10-18,41.61,5.57,-140.25,151.39,False,0.64
VIC1,2025-10-19,22.25,25.03,-120.79,170.85,False,-0.05
VIC1,2025-10-20,128.46,29.42,-116.39,175.24,False,1.75
VIC1,2025-10-21,144.71,30.8,-115.02,176.61,False,2.01
VIC1,2025-10-22,10.14,49.61,-96.2,195.43,False,-0.7
VIC1,2025-10-23,103.63,56.55,-89.27,202.37,False,0.83
VIC1,2025-10-24,93.05,47.75,-98.06,193.57,False,0.8
VIC1,2025-10-25,96.19,48.53,-97.28,194.35,False,0.84
VIC1,2025-10-26,13.15,22.79,-123.03,168.6,False,-0.17
VIC1,2025-10-27,6.75,46.84,-98.98,192.65,False,-0.71
VIC1,2025-10-28,55.34,69.1,-76.72,214.92,False,-0.24
VIC1,2025-10-29,121.17,65.33,-80.49,211.15,False,0.99
VIC1,2025-10-30,101.0,70.62,-75.2,216.44,False,0.54
VIC1,2025-10-31,100.07,61.12,-84.7,206.94,False,0.69
VIC1,2025-11-01,47.08,50.68,-95.14,196.49,False,-0.06
VIC1,2025-11-02,13.46,47.63,-98.19,193.45,False,-0.6
VIC1,2025-11-03,72.23,54.34,-91.48,200.16,False,0.32
VIC1,2025-11-04,29.84,80.58,-65.24,226.39,False,-0.9
VIC1,2025-11-05,25.63,73.66,-72.16,219.48,False,-0.85
VIC1,2025-11-06,67.12,71.59,-74.23,217.4,False,-0.08
VIC1,2025-11-07,15.7,77.57,-68.24,223.39,False,-1.09
VIC1,2025-11-08,-1.12,28.29,-117.53,174.11,False,-0.52
VIC1,2025-11-09,30.94,44.58,-101.24,190.39,False,-0.24
VIC1,2025-11-10,74.45,76.79,-69.03,222.61,False,-0.04
VIC1,2025-11-11,40.13,74.22,-71.6,220.04,False,-0.6
VIC1,2025-11-12,27.76,69.73,-76.09,215.55,False,-0.74
VIC1,2025-11-13,23.19,62.2,-83.62,208.02,False,-0.69
VIC1,2025-11-14,58.06,47.05,-98.76,192.87,False,0.19
VIC1,2025-11-15,51.54,29.54,-116.28,175.36,False,0.39
VIC1,2025-11-16,-0.62,29.01,-116.81,174.83,False,-0.52
VIC1,2025-11-17,-6.43,52.19,-93.63,198.01,False,-1.04
VIC1,2025-11-18,15.97,48.32,-97.5,194.14,False,-0.57
VIC1,2025-11-19,24.68,44.24,-101.57,190.06,False,-0.35
VIC1,2025-11-20,22.97,42.25,-103.56,188.07,False,-0.34
VIC1,2025-11-21,-4.4,51.35,-94.47,197.17,False,-0.98
VIC1,2025-11-22,74.96,18.21,-127.6,164.03,False,1.0
VIC1,2025-11-23,73.43,28.46,-117.36,174.28,False,0.79
VIC1,2025-11-24,29.9,21.41,-124.4,167.23,False,0.15
VIC1,2025-11-25,18.91,12.17,-133.64,157.99,False,0.12
VIC1,2025-11-26,-7.4,23.39,-122.42,169.21,False,-0.54
VIC1,2025-11-27,30.7,26.17,-119.65,171.98,False,0.08
VIC1,2025-11-28,67.22,26.21,-119.61,172.03,False,0.72
VIC1,2025-11-29,33.46,19.24,-126.58,165.06,False,0.25
VIC1,2025-11-30,8.64,17.73,-128.09,163.54,False,-0.16
VIC1,2025-12-01,12.99,49.97,-95.85,195.79,False,-0.65
VIC1,2025-12-02,58.55,37.35,-108.47,183.16,False,0.37
VIC1,2025-12-03,43.16,19.79,-126.02,165.61,False,0.41
VIC1,2025-12-04,28.66,34.73,-111.09,180.55,False,-0.11
VIC1,2025-12-05,77.73,43.96,-101.86,189.78,False,0.6
VIC1,2025-12-06,24.59,23.23,-122.59,169.05,False,0.02
VIC1,2025-12-07,9.74,3.33,-142.49,149.15,False,0.11
VIC1,2025-12-08,24.91,18.02,-127.8,163.84,False,0.12
VIC1,2025-12-09,43.11,31.92,-113.89,177.74,False,0.2
VIC1,2025-12-10,53.36,34.53,-111.29,180.35,False,0.33
VIC1,2025-12-11,18.67,33.1,-112.72,178.92,False,-0.25
VIC1,2025-12-12,59.65,15.94,-129.88,161.76,False,0.77
VIC1,2025-12-13,61.3,29.1,-116.72,174.91,False,0.57
VIC1,2025-12-14,-2.36,26.41,-119.4,172.23,False,-0.51
VIC1,2025-12-15,18.48,36.28,-109.54,182.09,False,-0.31
VIC1,2025-12-16,36.11,10.76,-135.06,156.58,False,0.45
VIC1,2025-12-17,85.6,20.55,-125.27,166.37,False,1.15
VIC1,2025-12-18,111.5,27.14,-118.67,172.96,False,1.49
VIC1,2025-12-19,104.57,11.52,-134.3,157.34,False,1.64
VIC1,2025-12-20,67.9,13.95,-131.87,159.77,False,0.95
VIC1,2025-12-21,40.21,2.02,-143.8,147.84,False,0.67
VIC1,2025-12-22,25.91,23.15,-122.67,168.97,False,0.05
VIC1,2025-12-23,-18.96,5.52,-140.29,151.34,False,-0.43
VIC1,2025-12-24,-15.12,28.82,-116.99,174.64,False,-0.78
VIC1,2025-12-25,-57.77,29.84,-115.97,175.66,False,-1.55
VIC1,2025-12-26,-39.7,22.71,-123.1,168.53,False,-1.1
VIC1,2025-12-27,-31.22,18.48,-127.34,164.3,False,-0.88
VIC1,2025-12-28,0.91,31.58,-114.24,177.4,False,-0.54
VIC1,2025-12-29,25.96,38.94,-106.88,184.76,False,-0.23
VIC1,2025-12-30,10.77,35.2,-110.61,181.02,False,-0.43
VIC1,2025-12-31,-26.76,19.05,-126.76,164.87,False,-0.81
VIC1,2026-01-01,-27.77,20.75,-125.07,166.57,False,-0.86
VIC1,2026-01-02,11.44,31.47,-114.34,177.29,False,-0.35
VIC1,2026-01-03,36.4,26.42,-119.4,172.24,False,0.18
VIC1,2026-01-04,14.63,15.26,-130.56,161.08,False,-0.01
VIC1,2026-01-05,24.86,41.37,-104.45,187.19,False,-0.29
VIC1,2026-01-06,66.15,45.35,-100.47,191.17,False,0.37
VIC1,2026-01-07,130.3,49.13,-96.68,194.95,False,1.43
VIC1,2026-01-08,92.61,30.26,-115.56,176.07,False,1.1
VIC1,2026-01-09,98.61,75.67,-70.15,221.49,False,0.41
VIC1,2026-01-10,-18.08,18.74,-127.08,164.56,False,-0.65
VIC1,2026-01-11,-15.94,14.66,-131.15,160.48,False,-0.54
VIC1,2026-01-12,20.65,18.19,-127.63,164.01,False,0.04
VIC1,2026-01-13,45.71,7.41,-138.41,153.23,False,0.68
VIC1,2026-01-14,38.36,41.21,-104.61,187.03,False,-0.05
VIC1,2026-01-15,16.81,54.08,-91.73,199.9,False,-0.66
VIC1,2026-01-16,-6.63,40.84,-104.98,186.66,False,-0.84
VIC1,2026-01-17,-5.56,27.45,-118.37,173.27,False,-0.58
VIC1,2026-01-18,6.62,42.67,-103.15,188.48,False,-0.64
VIC1,2026-01-19,13.41,64.7,-81.12,210.51,False,-0.91
VIC1,2026-01-20,43.73,78.5,-67.32,224.31,False,-0.61
VIC1,2026-01-21,20.15,52.24,-93.58,198.06,False,-0.57
VIC1,2026-01-22,1.4,44.75,-101.07,190.57,False,-0.77
VIC1,2026-01-23,21.42,42.05,-103.77,187.86,False,-0.36
VIC1,2026-01-24,36.03,27.25,-118.56,173.07,False,0.16
VIC1,2026-01-25,51.83,26.19,-119.63,172.01,False,0.45
VIC1,2026-01-26,51.05,25.69,-120.13,171.51,False,0.45
VIC1,2026-01-27,155.17,44.38,-101.44,190.2,False,1.96
VIC1,2026-01-28,56.13,40.37,-105.45,186.19,False,0.28
VIC1,2026-01-29,42.2,24.94,-120.87,170.76,False,0.3
VIC1,2026-01-30,95.97,23.27,-122.55,169.09,False,1.28
VIC1,2026-01-31,77.52,7.02,-138.8,152.84,False,1.25
VIC1,2026-02-01,-1.29,28.08,-117.73,173.9,False,-0.52
VIC1,2026-02-02,12.36,37.35,-108.47,183.16,False,-0.44
VIC1,2026-02-03,44.67,39.61,-106.21,185.43,False,0.09
VIC1,2026-02-04,79.99,58.65,-87.16,204.47,False,0.38
VIC1,2026-02-05,76.82,65.44,-80.38,211.26,False,0.2
VIC1,2026-02-06,79.15,66.28,-79.54,212.1,False,0.23
VIC1,2026-02-07,53.84,51.99,-93.83,197.8,False,0.03
VIC1,2026-02-08,42.51,38.13,-107.69,183.95,False,0.08
VIC1,2026-02-09,91.6,44.52,-101.3,190.33,False,0.83
VIC1,2026-02-10,93.45,45.6,-100.22,191.42,False,0.85
VIC1,2026-02-11,64.42,54.04,-91.78,199.85,False,0.18
VIC1,2026-02-12,12.72,54.39,-91.43,200.21,False,-0.74
VIC1,2026-02-13,6.12,29.83,-115.99,175.64,False,-0.42
VIC1,2026-02-14,3.2,47.7,-98.12,193.52,False,-0.79
VIC1,2026-02-15,21.5,60.41,-85.4,206.23,False,-0.69
VIC1,2026-02-16,51.48,68.0,-77.82,213.82,False,-0.29
VIC1,2026-02-17,37.69,62.01,-83.81,207.83,False,-0.43
VIC1,2026-02-18,26.91,55.0,-90.82,200.82,False,-0.5
VIC1,2026-02-19,44.31,45.63,-100.18,191.45,False,-0.02
VIC1,2026-02-20,66.04,58.53,-87.28,204.35,False,0.13
VIC1,2026-02-21,56.51,39.76,-106.06,185.58,False,0.3
VIC1,2026-02-22,38.08,36.34,-109.48,182.16,False,0.03
VIC1,2026-02-23,41.22,44.61,-101.21,190.43,False,-0.06
VIC1,2026-02-24,74.32,39.64,-106.17,185.46,False,0.61
VIC1,2026-02-25,16.2,57.53,-88.29,203.35,False,-0.73
VIC1,2026-02-26,16.66,55.05,-90.77,200.87,False,-0.68
VIC1,2026-02-27,67.89,47.49,-98.33,193.31,False,0.36
VIC1,2026-02-28,43.21,25.25,-120.57,171.07,False,0.32
VIC1,2026-03-01,19.12,48.69,-97.13,194.5,False,-0.52
VIC1,2026-03-02,60.86,51.63,-94.19,197.45,False,0.16
VIC1,2026-03-03,57.1,42.03,-103.79,187.84,False,0.27
VIC1,2026-03-04,54.73,41.49,-104.33,187.31,False,0.23
VIC1,2026-03-05,56.91,38.86,-106.96,184.68,False,0.32
VIC1,2026-03-06,49.78,40.6,-105.22,186.41,False,0.16
VIC1,2026-03-07,14.08,46.35,-99.46,192.17,False,-0.57
VIC1,2026-03-08,-11.3,31.66,-114.16,177.48,False,-0.76
VIC1,2026-03-09,37.23,51.44,-94.38,197.26,False,-0.25
VIC1,2026-03-10,57.22,36.81,-109.01,182.63,False,0.36
VIC1,2026-03-11,-2.18,67.45,-78.37,213.27,False,-1.23
VIC1,2026-03-12,3.28,59.68,-86.13,205.5,False,-1.0
VIC1,2026-03-13,-2.98,63.83,-81.99,209.65,False,-1.18
VIC1,2026-03-14,5.81,36.96,-108.86,182.77,False,-0.55
VIC1,2026-03-15,40.87,37.26,-108.56,183.08,False,0.06
VIC1,2026-03-16,99.81,40.44,-105.38,186.25,False,1.05
VIC1,2026-03-17,105.47,44.82,-101.0,190.64,False,1.07
VIC1,2026-03-18,95.04,45.34,-100.48,191.16,False,0.88
VIC1,2026-03-19,111.14,41.34,-104.48,187.16,False,1.23
VIC1,2026-03-20,72.69,27.03,-118.79,172.85,False,0.81
VIC1,2026-03-21,55.77,20.74,-125.08,166.56,False,0.62
VIC1,2026-03-22,52.78,30.49,-115.33,176.31,False,0.39
VIC1,2026-03-23,66.24,22.15,-123.67,167.96,False,0.78
VIC1,2026-03-24,65.78,34.53,-111.28,180.35,False,0.55
VIC1,2026-03-25,64.0,49.03,-96.79,194.85,False,0.26
VIC1,2026-03-26,30.92,50.96,-94.85,196.78,False,-0.35
VIC1,2026-03-27,2.59,39.95,-105.87,185.77,False,-0.66
VIC1,2026-03-28,30.28,43.81,-102.0,189.63,False,-0.24
VIC1,2026-03-29,31.63,59.11,-86.71,204.93,False,-0.49
VIC1,2026-03-30,53.32,55.15,-90.67,200.96,False,-0.03
VIC1,2026-03-31,9.09,112.94,-32.88,258.76,False,-1.83
VIC1,2026-04-01,54.47,67.85,-77.97,213.67,False,-0.24
VIC1,2026-04-02,59.11,50.26,-95.56,196.07,False,0.16
VIC1,2026-04-03,-1.69,49.92,-95.9,195.73,False,-0.91
VIC1,2026-04-04,-13.89,52.99,-92.82,198.81,False,-1.18
VIC1,2026-04-05,28.49,59.02,-86.8,204.84,False,-0.54
VIC1,2026-04-06,33.03,73.66,-72.16,219.48,False,-0.72
VIC1,2026-04-07,40.98,80.52,-65.29,226.34,False,-0.7
VIC1,2026-04-08,71.02,69.94,-75.88,215.76,False,0.02
VIC1,2026-04-09,-4.3,75.26,-70.55,221.08,False,-1.41
VIC1,2026-04-10,-5.5,69.15,-76.67,214.96,False,-1.32
VIC1,2026-04-11,-5.08,32.55,-113.26,178.37,False,-0.66
VIC1,2026-04-12,3.44,31.28,-114.54,177.09,False,-0.49
VIC1,2026-04-13,51.17,57.13,-88.69,202.95,False,-0.11
VIC1,2026-04-14,101.29,60.99,-84.83,206.81,False,0.71
VIC1,2026-04-15,78.5,61.15,-84.67,206.96,False,0.31
VIC1,2026-04-16,15.3,57.9,-87.92,203.71,False,-0.75
VIC1,2026-04-17,31.61,43.51,-102.31,189.32,False,-0.21
VIC1,2026-04-18,54.83,35.28,-110.54,181.1,False,0.35
VIC1,2026-04-19,64.67,21.11,-124.71,166.93,False,0.77
VIC1,2026-04-20,81.68,37.93,-107.88,183.75,False,0.77
VIC1,2026-04-21,33.17,31.44,-114.38,177.26,False,0.03
VIC1,2026-04-22,27.01,44.97,-100.85,190.79,False,-0.32
VIC1,2026-04-23,46.43,43.21,-102.6,189.03,False,0.06
VIC1,2026-04-24,13.02,48.93,-96.88,194.75,False,-0.63
VIC1,2026-04-25,-9.33,55.42,-90.4,201.24,False,-1.14
VIC1,2026-04-26,24.9,53.38,-92.44,199.2,False,-0.5
VIC1,2026-04-27,67.32,50.05,-95.77,195.87,False,0.31
VIC1,2026-04-28,60.77,33.37,-112.44,179.19,False,0.48
VIC1,2026-04-29,56.03,37.68,-108.14,183.49,False,0.32
VIC1,2026-04-30,12.0,51.19,-94.63,197.01,False,-0.69
VIC1,2026-05-01,1.87,77.09,-68.73,222.9,False,-1.33
VIC1,2026-05-02,-1.81,60.66,-85.16,206.48,False,-1.1
VIC1,2026-05-03,0.37,39.88,-105.94,185.7,False,-0.7
VIC1,2026-05-04,0.15,74.29,-71.53,220.11,False,-1.31
VIC1,2026-05-05,77.08,82.44,-63.38,228.26,False,-0.09
VIC1,2026-05-06,36.98,56.82,-88.99,202.64,False,-0.35
VIC1,2026-05-07,16.88,65.83,-79.99,211.65,False,-0.86
VIC1,2026-05-08,28.59,78.68,-67.14,224.5,False,-0.88
VIC1,2026-05-09,81.56,37.33,-108.48,183.15,False,0.78
VIC1,2026-05-10,78.25,32.55,-113.27,178.37,False,0.81
VIC1,2026-05-11,79.56,37.94,-107.87,183.76,False,0.74
VIC1,2026-05-12,66.01,22.17,-123.65,167.99,False,0.77
VIC1,2026-05-13,61.1,23.36,-122.46,169.17,False,0.67
VIC1,2026-05-14,76.84,49.24,-96.58,195.06,False,0.49
VIC1,2026-05-15,36.02,38.7,-107.12,184.52,False,-0.05
VIC1,2026-05-16,39.91,39.63,-106.19,185.45,False,0.0
VIC1,2026-05-17,138.19,26.23,-119.59,172.05,False,1.98
VIC1,2026-05-18,171.41,44.84,-100.98,190.66,False,2.24
VIC1,2026-05-19,61.75,44.3,-101.52,190.11,False,0.31
VIC1,2026-05-20,66.3,46.59,-99.23,192.41,False,0.35
VIC1,2026-05-21,112.69,50.56,-95.26,196.38,False,1.1
VIC1,2026-05-22,80.0,66.16,-79.66,211.98,False,0.24
VIC1,2026-05-23,48.99,40.93,-104.89,186.74,False,0.14
VIC1,2026-05-24,83.37,45.91,-99.91,191.72,False,0.66
VIC1,2026-05-25,89.08,43.31,-102.5,189.13,False,0.81
VIC1,2026-05-26,74.03,47.39,-98.42,193.21,False,0.47
VIC1,2026-05-27,127.19,78.52,-67.3,224.33,False,0.86
VIC1,2026-05-28,135.08,77.52,-68.3,223.33,False,1.02
VIC1,2026-05-29,92.62,94.85,-50.97,240.67,False,-0.04
VIC1,2026-05-30,20.26,62.51,-83.31,208.33,False,-0.75
VIC1,2026-05-31,27.34,66.68,-79.13,212.5,False,-0.69
VIC1,2026-06-01,38.0,106.79,-39.03,252.61,False,-1.22
QLD1,2025-01-01,144.54,106.51,-415.43,628.45,False,0.19
QLD1,2025-01-02,84.17,87.96,-433.99,609.9,False,-0.02
QLD1,2025-01-03,48.97,118.6,-403.35,640.54,False,-0.34
QLD1,2025-01-04,44.18,112.94,-409.0,634.88,False,-0.34
QLD1,2025-01-05,43.03,86.83,-435.11,608.77,False,-0.22
QLD1,2025-01-06,50.32,196.73,-325.22,718.67,False,-0.72
QLD1,2025-01-07,39.75,90.11,-431.83,612.05,False,-0.25
QLD1,2025-01-08,47.24,83.76,-438.18,605.7,False,-0.18
QLD1,2025-01-09,93.09,100.72,-421.22,622.67,False,-0.04
QLD1,2025-01-10,97.0,106.91,-415.04,628.85,False,-0.05
QLD1,2025-01-11,96.84,83.38,-438.56,605.33,False,0.07
QLD1,2025-01-12,72.66,116.62,-405.32,638.57,False,-0.22
QLD1,2025-01-13,108.64,105.1,-416.85,627.04,False,0.02
QLD1,2025-01-14,134.69,99.35,-422.59,621.3,False,0.17
QLD1,2025-01-15,124.67,100.44,-421.5,622.39,False,0.12
QLD1,2025-01-16,103.38,106.53,-415.41,628.47,False,-0.02
QLD1,2025-01-17,63.82,115.88,-406.06,637.82,False,-0.26
QLD1,2025-01-18,61.36,116.28,-405.66,638.23,False,-0.27
QLD1,2025-01-19,36.18,67.34,-454.6,589.28,False,-0.15
QLD1,2025-01-20,77.07,121.5,-400.44,643.44,False,-0.22
QLD1,2025-01-21,106.02,124.75,-397.19,646.69,False,-0.09
QLD1,2025-01-22,1133.3,91.54,-430.41,613.48,True,5.14
QLD1,2025-01-23,89.8,102.84,-419.1,624.79,False,-0.06
QLD1,2025-01-24,120.64,157.71,-364.24,679.65,False,-0.18
QLD1,2025-01-25,41.92,62.82,-459.12,584.77,False,-0.1
QLD1,2025-01-26,43.69,45.24,-476.71,567.18,False,-0.01
QLD1,2025-01-27,63.52,180.68,-341.27,702.62,False,-0.58
QLD1,2025-01-28,79.41,145.71,-376.23,667.65,False,-0.33
QLD1,2025-01-29,89.96,222.29,-299.65,744.24,False,-0.65
QLD1,2025-01-30,101.99,139.59,-382.35,661.54,False,-0.19
QLD1,2025-01-31,92.64,114.89,-407.06,636.83,False,-0.11
QLD1,2025-02-01,90.33,124.16,-397.78,646.1,False,-0.17
QLD1,2025-02-02,69.28,146.31,-375.63,668.26,False,-0.38
QLD1,2025-02-03,123.12,162.31,-359.63,684.26,False,-0.19
QLD1,2025-02-04,129.93,168.28,-353.67,690.22,False,-0.19
QLD1,2025-02-05,118.45,61.13,-460.81,583.08,False,0.28
QLD1,2025-02-06,97.08,61.44,-460.51,583.38,False,0.18
QLD1,2025-02-07,92.45,65.72,-456.22,587.67,False,0.13
QLD1,2025-02-08,50.18,86.9,-435.04,608.85,False,-0.18
QLD1,2025-02-09,44.94,100.15,-421.79,622.1,False,-0.27
QLD1,2025-02-10,78.52,163.66,-358.28,685.6,False,-0.42
QLD1,2025-02-11,99.52,192.79,-329.15,714.73,False,-0.46
QLD1,2025-02-12,110.74,100.52,-421.43,622.46,False,0.05
QLD1,2025-02-13,94.03,128.25,-393.69,650.2,False,-0.17
QLD1,2025-02-14,103.61,89.05,-432.9,610.99,False,0.07
QLD1,2025-02-15,79.32,115.09,-406.85,637.04,False,-0.18
QLD1,2025-02-16,54.7,80.54,-441.41,602.48,False,-0.13
QLD1,2025-02-17,57.21,138.21,-383.73,660.16,False,-0.4
QLD1,2025-02-18,65.71,123.4,-398.54,645.35,False,-0.28
QLD1,2025-02-19,69.42,148.18,-373.76,670.13,False,-0.39
QLD1,2025-02-20,36.57,97.17,-424.77,619.11,False,-0.3
QLD1,2025-02-21,39.69,120.87,-401.07,642.81,False,-0.4
QLD1,2025-02-22,31.66,91.26,-430.68,613.2,False,-0.29
QLD1,2025-02-23,44.32,94.77,-427.17,616.72,False,-0.25
QLD1,2025-02-24,61.59,113.28,-408.66,635.23,False,-0.26
QLD1,2025-02-25,52.48,105.09,-416.85,627.03,False,-0.26
QLD1,2025-02-26,54.8,118.67,-403.27,640.62,False,-0.32
QLD1,2025-02-27,74.71,87.86,-434.08,609.8,False,-0.06
QLD1,2025-02-28,73.07,73.82,-448.12,595.76,False,-0.0
QLD1,2025-03-01,61.48,59.74,-462.2,581.69,False,0.01
QLD1,2025-03-02,36.82,69.94,-452.0,591.89,False,-0.16
QLD1,2025-03-03,66.78,67.78,-454.16,589.73,False,-0.0
QLD1,2025-03-04,84.65,78.32,-443.62,600.27,False,0.03
QLD1,2025-03-05,88.07,79.03,-442.91,600.98,False,0.04
QLD1,2025-03-06,68.01,157.77,-364.17,679.72,False,-0.44
QLD1,2025-03-07,48.03,65.68,-456.26,587.62,False,-0.09
QLD1,2025-03-08,36.17,49.07,-472.87,571.01,False,-0.06
QLD1,2025-03-09,48.12,87.75,-434.2,609.69,False,-0.2
QLD1,2025-03-10,76.46,73.57,-448.37,595.52,False,0.01
QLD1,2025-03-11,73.01,77.34,-444.61,599.28,False,-0.02
QLD1,2025-03-12,86.04,61.49,-460.45,583.43,False,0.12
QLD1,2025-03-13,131.86,71.07,-450.87,593.01,False,0.3
QLD1,2025-03-14,81.58,115.13,-406.81,637.07,False,-0.17
QLD1,2025-03-15,67.81,63.81,-458.13,585.76,False,0.02
QLD1,2025-03-16,43.1,46.96,-474.98,568.91,False,-0.02
QLD1,2025-03-17,54.12,76.48,-445.46,598.42,False,-0.11
QLD1,2025-03-18,78.81,122.24,-399.7,644.19,False,-0.21
QLD1,2025-03-19,101.94,102.52,-419.43,624.46,False,-0.0
QLD1,2025-03-20,91.4,64.51,-457.43,586.46,False,0.13
QLD1,2025-03-21,108.86,70.18,-451.77,592.12,False,0.19
QLD1,2025-03-22,104.73,71.72,-450.22,593.67,False,0.16
QLD1,2025-03-23,91.72,76.31,-445.63,598.26,False,0.08
QLD1,2025-03-24,100.9,91.41,-430.54,613.35,False,0.05
QLD1,2025-03-25,94.19,91.18,-430.76,613.13,False,0.01
QLD1,2025-03-26,88.21,73.12,-448.82,595.06,False,0.07
QLD1,2025-03-27,81.65,65.38,-456.57,587.32,False,0.08
QLD1,2025-03-28,96.16,83.65,-438.3,605.59,False,0.06
QLD1,2025-03-29,84.68,87.91,-434.03,609.85,False,-0.02
QLD1,2025-03-30,85.74,85.48,-436.47,607.42,False,0.0
QLD1,2025-03-31,88.52,102.66,-419.29,624.6,False,-0.07
QLD1,2025-04-01,80.19,107.03,-414.91,628.97,False,-0.13
QLD1,2025-04-02,125.65,93.7,-428.24,615.65,False,0.16
QLD1,2025-04-03,118.3,86.2,-435.74,608.15,False,0.16
QLD1,2025-04-04,115.77,99.06,-422.89,621.0,False,0.08
QLD1,2025-04-05,82.5,62.67,-459.28,584.61,False,0.1
QLD1,2025-04-06,73.43,69.68,-452.26,591.62,False,0.02
QLD1,2025-04-07,201.76,106.73,-415.21,628.67,False,0.47
QLD1,2025-04-08,118.61,99.15,-422.8,621.09,False,0.1
QLD1,2025-04-09,267.62,113.45,-408.49,635.4,False,0.76
QLD1,2025-04-10,104.06,120.6,-401.35,642.54,False,-0.08
QLD1,2025-04-11,88.2,117.38,-404.57,639.32,False,-0.14
QLD1,2025-04-12,85.31,90.32,-431.62,612.26,False,-0.02
QLD1,2025-04-13,67.6,83.46,-438.48,605.4,False,-0.08
QLD1,2025-04-14,80.89,97.4,-424.54,619.34,False,-0.08
QLD1,2025-04-15,89.17,106.56,-415.39,628.5,False,-0.09
QLD1,2025-04-16,93.79,87.44,-434.51,609.38,False,0.03
QLD1,2025-04-17,117.55,126.99,-394.95,648.93,False,-0.05
QLD1,2025-04-18,92.51,103.69,-418.26,625.63,False,-0.06
QLD1,2025-04-19,74.42,108.09,-413.85,630.03,False,-0.17
QLD1,2025-04-20,56.39,113.44,-408.5,635.39,False,-0.28
QLD1,2025-04-21,65.5,155.92,-366.02,677.86,False,-0.45
QLD1,2025-04-22,62.58,133.1,-388.84,655.04,False,-0.35
QLD1,2025-04-23,69.0,75.98,-445.96,597.93,False,-0.03
QLD1,2025-04-24,79.06,101.91,-420.03,623.85,False,-0.11
QLD1,2025-04-25,86.04,126.54,-395.4,648.48,False,-0.2
QLD1,2025-04-26,103.57,115.46,-406.49,637.4,False,-0.06
QLD1,2025-04-27,83.78,115.29,-406.65,637.24,False,-0.16
QLD1,2025-04-28,86.34,102.45,-419.49,624.39,False,-0.08
QLD1,2025-04-29,91.89,103.45,-418.5,625.39,False,-0.06
QLD1,2025-04-30,93.36,91.78,-430.16,613.72,False,0.01
QLD1,2025-05-01,74.14,118.58,-403.36,640.52,False,-0.22
QLD1,2025-05-02,94.3,109.24,-412.7,631.18,False,-0.07
QLD1,2025-05-03,49.86,102.77,-419.17,624.71,False,-0.26
QLD1,2025-05-04,51.13,83.95,-437.99,605.89,False,-0.16
QLD1,2025-05-05,74.27,108.37,-413.58,630.31,False,-0.17
QLD1,2025-05-06,65.96,106.32,-415.62,628.27,False,-0.2
QLD1,2025-05-07,55.3,97.33,-424.62,619.27,False,-0.21
QLD1,2025-05-08,77.69,103.34,-418.6,625.29,False,-0.13
QLD1,2025-05-09,94.37,95.26,-426.69,617.2,False,-0.0
QLD1,2025-05-10,72.58,78.55,-443.39,600.5,False,-0.03
QLD1,2025-05-11,78.22,75.05,-446.89,596.99,False,0.02
QLD1,2025-05-12,107.07,112.29,-409.65,634.23,False,-0.03
QLD1,2025-05-13,112.9,91.74,-430.21,613.68,False,0.1
QLD1,2025-05-14,199.29,102.83,-419.12,624.77,False,0.48
QLD1,2025-05-15,145.78,82.59,-439.35,604.54,False,0.31
QLD1,2025-05-16,195.39,87.01,-434.94,608.95,False,0.53
QLD1,2025-05-17,108.7,82.74,-439.21,604.68,False,0.13
QLD1,2025-05-18,81.17,69.94,-452.0,591.88,False,0.06
QLD1,2025-05-19,101.82,99.96,-421.99,621.9,False,0.01
QLD1,2025-05-20,102.45,108.35,-413.59,630.29,False,-0.03
QLD1,2025-05-21,124.39,88.45,-433.5,610.39,False,0.18
QLD1,2025-05-22,110.12,137.54,-384.4,659.49,False,-0.14
QLD1,2025-05-23,106.34,83.65,-438.29,605.59,False,0.11
QLD1,2025-05-24,54.65,95.04,-426.9,616.99,False,-0.2
QLD1,2025-05-25,63.75,97.1,-424.84,619.04,False,-0.16
QLD1,2025-05-26,83.51,124.11,-397.83,646.06,False,-0.2
QLD1,2025-05-27,67.85,169.79,-352.16,691.73,False,-0.5
QLD1,2025-05-28,56.51,70.26,-451.68,592.21,False,-0.07
QLD1,2025-05-29,127.54,91.34,-430.6,613.28,False,0.18
QLD1,2025-05-30,119.79,72.88,-449.06,594.82,False,0.23
QLD1,2025-05-31,107.48,61.9,-460.04,583.84,False,0.22
QLD1,2025-06-01,65.65,85.39,-436.56,607.33,False,-0.1
QLD1,2025-06-02,105.93,121.79,-400.15,643.73,False,-0.08
QLD1,2025-06-03,88.61,105.6,-416.35,627.54,False,-0.08
QLD1,2025-06-04,84.37,63.36,-458.58,585.31,False,0.1
QLD1,2025-06-05,96.65,104.46,-417.48,626.4,False,-0.04
QLD1,2025-06-06,97.3,116.92,-405.03,638.86,False,-0.1
QLD1,2025-06-07,50.13,82.34,-439.61,604.28,False,-0.16
QLD1,2025-06-08,43.8,64.01,-457.93,585.95,False,-0.1
QLD1,2025-06-09,58.73,104.85,-417.1,626.79,False,-0.23
QLD1,2025-06-10,105.13,89.31,-432.63,611.25,False,0.08
QLD1,2025-06-11,492.27,111.96,-409.98,633.9,False,1.88
QLD1,2025-06-12,1546.47,100.52,-421.43,622.46,True,7.14
QLD1,2025-06-13,162.13,92.69,-429.25,614.63,False,0.34
QLD1,2025-06-14,84.05,67.97,-453.97,589.91,False,0.08
QLD1,2025-06-15,90.08,63.54,-458.41,585.48,False,0.13
QLD1,2025-06-16,124.61,83.87,-438.07,605.81,False,0.2
QLD1,2025-06-17,150.07,87.76,-434.19,609.7,False,0.31
QLD1,2025-06-18,185.39,112.0,-409.94,633.95,False,0.36
QLD1,2025-06-19,104.92,191.08,-330.86,713.02,False,-0.43
QLD1,2025-06-20,120.14,197.35,-324.6,719.29,False,-0.38
QLD1,2025-06-21,90.63,225.39,-296.55,747.33,False,-0.67
QLD1,2025-06-22,72.72,202.94,-319.0,724.89,False,-0.64
QLD1,2025-06-23,78.76,231.73,-290.21,753.67,False,-0.75
QLD1,2025-06-24,74.22,225.83,-296.11,747.77,False,-0.75
QLD1,2025-06-25,64.09,128.44,-393.51,650.38,False,-0.32
QLD1,2025-06-26,156.42,107.75,-414.19,629.7,False,0.24
QLD1,2025-06-27,128.34,112.9,-409.05,634.84,False,0.08
QLD1,2025-06-28,147.17,120.6,-401.35,642.54,False,0.13
QLD1,2025-06-29,186.14,101.67,-420.27,623.61,False,0.42
QLD1,2025-06-30,225.38,158.85,-363.09,680.8,False,0.33
QLD1,2025-07-01,93.14,165.05,-356.9,686.99,False,-0.35
QLD1,2025-07-02,88.95,124.72,-397.22,646.67,False,-0.18
QLD1,2025-07-03,117.23,88.37,-433.58,610.31,False,0.14
QLD1,2025-07-04,111.57,95.54,-426.4,617.48,False,0.08
QLD1,2025-07-05,60.38,82.76,-439.18,604.71,False,-0.11
QLD1,2025-07-06,80.91,106.37,-415.58,628.31,False,-0.13
QLD1,2025-07-07,82.95,149.05,-372.89,670.99,False,-0.33
QLD1,2025-07-08,80.46,143.69,-378.25,665.63,False,-0.31
QLD1,2025-07-09,85.38,116.35,-405.6,638.29,False,-0.15
QLD1,2025-07-10,58.4,137.93,-384.02,659.87,False,-0.39
QLD1,2025-07-11,52.19,109.45,-412.49,631.4,False,-0.28
QLD1,2025-07-12,60.6,127.45,-394.49,649.4,False,-0.33
QLD1,2025-07-13,60.1,123.25,-398.7,645.19,False,-0.31
QLD1,2025-07-14,74.61,127.88,-394.07,649.82,False,-0.26
QLD1,2025-07-15,116.22,162.55,-359.4,684.49,False,-0.23
QLD1,2025-07-16,87.44,166.54,-355.4,688.48,False,-0.39
QLD1,2025-07-17,80.91,119.88,-402.07,641.82,False,-0.19
QLD1,2025-07-18,116.78,112.45,-409.5,634.39,False,0.02
QLD1,2025-07-19,76.21,70.49,-451.45,592.43,False,0.03
QLD1,2025-07-20,71.18,50.52,-471.42,572.46,False,0.1
QLD1,2025-07-21,65.63,87.65,-434.29,609.59,False,-0.11
QLD1,2025-07-22,67.19,93.2,-428.74,615.14,False,-0.13
QLD1,2025-07-23,83.14,85.57,-436.37,607.52,False,-0.01
QLD1,2025-07-24,69.33,72.34,-449.6,594.28,False,-0.01
QLD1,2025-07-25,55.82,80.77,-441.17,602.72,False,-0.12
QLD1,2025-07-26,71.95,51.25,-470.69,573.19,False,0.1
QLD1,2025-07-27,42.15,64.4,-457.54,586.34,False,-0.11
QLD1,2025-07-28,73.71,75.88,-446.06,597.83,False,-0.01
QLD1,2025-07-29,144.41,73.37,-448.58,595.31,False,0.35
QLD1,2025-07-30,100.34,82.79,-439.16,604.73,False,0.09
QLD1,2025-07-31,116.8,89.51,-432.43,611.45,False,0.13
QLD1,2025-08-01,151.76,89.21,-432.73,611.15,False,0.31
QLD1,2025-08-02,99.92,77.95,-443.99,599.9,False,0.11
QLD1,2025-08-03,62.71,54.88,-467.06,576.83,False,0.04
QLD1,2025-08-04,82.38,77.92,-444.02,599.87,False,0.02
QLD1,2025-08-05,73.03,77.44,-444.5,599.39,False,-0.02
QLD1,2025-08-06,84.55,85.96,-435.98,607.9,False,-0.01
QLD1,2025-08-07,114.26,89.17,-432.77,611.12,False,0.12
QLD1,2025-08-08,90.86,87.63,-434.32,609.57,False,0.02
QLD1,2025-08-09,74.57,71.2,-450.74,593.14,False,0.02
QLD1,2025-08-10,55.82,65.3,-456.65,587.24,False,-0.05
QLD1,2025-08-11,55.43,97.78,-424.17,619.72,False,-0.21
QLD1,2025-08-12,85.28,94.86,-427.09,616.8,False,-0.05
QLD1,2025-08-13,96.66,88.77,-433.17,610.71,False,0.04
QLD1,2025-08-14,77.97,104.85,-417.09,626.8,False,-0.13
QLD1,2025-08-15,62.53,83.94,-438.0,605.89,False,-0.11
QLD1,2025-08-16,65.45,77.96,-443.99,599.9,False,-0.06
QLD1,2025-08-17,72.65,78.34,-443.6,600.29,False,-0.03
QLD1,2025-08-18,117.59,97.42,-424.53,619.36,False,0.1
QLD1,2025-08-19,119.21,91.69,-430.26,613.63,False,0.14
QLD1,2025-08-20,102.66,116.77,-405.17,638.71,False,-0.07
QLD1,2025-08-21,124.77,109.18,-412.76,631.12,False,0.08
QLD1,2025-08-22,82.58,84.09,-437.86,606.03,False,-0.01
QLD1,2025-08-23,58.07,95.6,-426.34,617.55,False,-0.19
QLD1,2025-08-24,61.4,62.21,-459.74,584.15,False,-0.0
QLD1,2025-08-25,60.46,87.76,-434.18,609.71,False,-0.13
QLD1,2025-08-26,55.85,107.86,-414.08,629.8,False,-0.26
QLD1,2025-08-27,45.82,90.86,-431.08,612.8,False,-0.22
QLD1,2025-08-28,51.6,94.52,-427.42,616.47,False,-0.21
QLD1,2025-08-29,53.11,94.5,-427.45,616.44,False,-0.2
QLD1,2025-08-30,32.72,72.57,-449.38,594.51,False,-0.2
QLD1,2025-08-31,52.78,68.07,-453.87,590.01,False,-0.08
QLD1,2025-09-01,154.36,90.71,-431.23,612.66,False,0.31
QLD1,2025-09-02,99.24,92.0,-429.94,613.95,False,0.04
QLD1,2025-09-03,60.5,80.6,-441.34,602.54,False,-0.1
QLD1,2025-09-04,77.09,75.2,-446.75,597.14,False,0.01
QLD1,2025-09-05,74.65,77.24,-444.7,599.19,False,-0.01
QLD1,2025-09-06,38.51,61.02,-460.93,582.96,False,-0.11
QLD1,2025-09-07,24.54,57.97,-463.98,579.91,False,-0.16
QLD1,2025-09-08,34.85,107.25,-414.69,629.19,False,-0.36
QLD1,2025-09-09,63.89,81.65,-440.3,603.59,False,-0.09
QLD1,2025-09-10,63.83,73.35,-448.59,595.3,False,-0.05
QLD1,2025-09-11,49.91,80.97,-440.97,602.92,False,-0.15
QLD1,2025-09-12,62.43,82.07,-439.87,604.02,False,-0.1
QLD1,2025-09-13,68.15,64.31,-457.63,586.25,False,0.02
QLD1,2025-09-14,37.53,54.46,-467.49,576.4,False,-0.08
QLD1,2025-09-15,33.27,102.85,-419.09,624.79,False,-0.34
QLD1,2025-09-16,40.06,109.76,-412.18,631.71,False,-0.34
QLD1,2025-09-17,44.07,93.78,-428.16,615.72,False,-0.25
QLD1,2025-09-18,44.78,71.54,-450.41,593.48,False,-0.13
QLD1,2025-09-19,42.1,91.05,-430.9,612.99,False,-0.24
QLD1,2025-09-20,48.47,54.8,-467.14,576.75,False,-0.03
QLD1,2025-09-21,33.66,47.17,-474.77,569.11,False,-0.07
QLD1,2025-09-22,49.19,63.64,-458.31,585.58,False,-0.07
QLD1,2025-09-23,56.34,85.35,-436.59,607.29,False,-0.14
QLD1,2025-09-24,51.4,67.42,-454.52,589.37,False,-0.08
QLD1,2025-09-25,43.18,54.01,-467.94,575.95,False,-0.05
QLD1,2025-09-26,41.59,58.18,-463.77,580.12,False,-0.08
QLD1,2025-09-27,33.94,37.03,-484.91,558.97,False,-0.02
QLD1,2025-09-28,48.42,17.64,-504.31,539.58,False,0.15
QLD1,2025-09-29,70.08,55.32,-466.62,577.27,False,0.07
QLD1,2025-09-30,40.6,56.72,-465.22,578.67,False,-0.08
QLD1,2025-10-01,53.36,51.4,-470.54,573.35,False,0.01
QLD1,2025-10-02,37.16,77.49,-444.45,599.44,False,-0.2
QLD1,2025-10-03,28.92,51.15,-470.8,573.09,False,-0.11
QLD1,2025-10-04,28.25,24.65,-497.29,546.59,False,0.02
QLD1,2025-10-05,22.24,25.87,-496.07,547.81,False,-0.02
QLD1,2025-10-06,26.34,48.07,-473.87,570.01,False,-0.11
QLD1,2025-10-07,50.2,54.06,-467.88,576.0,False,-0.02
QLD1,2025-10-08,40.2,53.22,-468.72,575.16,False,-0.06
QLD1,2025-10-09,45.33,65.6,-456.34,587.54,False,-0.1
QLD1,2025-10-10,54.14,48.74,-473.2,570.68,False,0.03
QLD1,2025-10-11,39.87,34.64,-487.3,556.58,False,0.03
QLD1,2025-10-12,60.46,34.06,-487.88,556.01,False,0.13
QLD1,2025-10-13,79.52,118.33,-403.61,640.28,False,-0.19
QLD1,2025-10-14,43.91,69.89,-452.06,591.83,False,-0.13
QLD1,2025-10-15,59.06,46.12,-475.82,568.07,False,0.06
QLD1,2025-10-16,39.84,46.96,-474.98,568.9,False,-0.04
QLD1,2025-10-17,36.27,51.44,-470.5,573.38,False,-0.07
QLD1,2025-10-18,39.83,29.91,-492.03,551.85,False,0.05
QLD1,2025-10-19,38.74,36.75,-485.2,558.69,False,0.01
QLD1,2025-10-20,55.53,51.51,-470.44,573.45,False,0.02
QLD1,2025-10-21,60.07,59.09,-462.85,581.03,False,0.0
QLD1,2025-10-22,43.36,56.78,-465.16,578.73,False,-0.07
QLD1,2025-10-23,89.32,57.22,-464.72,579.17,False,0.16
QLD1,2025-10-24,69.71,49.05,-472.89,570.99,False,0.1
QLD1,2025-10-25,97.06,39.02,-482.92,560.96,False,0.29
QLD1,2025-10-26,54.34,42.36,-479.58,564.3,False,0.06
QLD1,2025-10-27,80.29,80.91,-441.03,602.86,False,-0.0
QLD1,2025-10-28,114.64,59.39,-462.56,581.33,False,0.27
QLD1,2025-10-29,76.86,64.74,-457.2,586.68,False,0.06
QLD1,2025-10-30,69.73,68.34,-453.6,590.29,False,0.01
QLD1,2025-10-31,90.89,56.7,-465.24,578.64,False,0.17
QLD1,2025-11-01,46.26,71.44,-450.51,593.38,False,-0.12
QLD1,2025-11-02,54.63,45.87,-476.07,567.81,False,0.04
QLD1,2025-11-03,93.16,62.47,-459.48,584.41,False,0.15
QLD1,2025-11-04,80.75,67.09,-454.86,589.03,False,0.07
QLD1,2025-11-05,39.16,65.95,-455.99,587.9,False,-0.13
QLD1,2025-11-06,58.33,63.61,-458.33,585.55,False,-0.03
QLD1,2025-11-07,46.67,99.21,-422.73,621.16,False,-0.26
QLD1,2025-11-08,33.67,50.37,-471.57,572.32,False,-0.08
QLD1,2025-11-09,99.39,48.46,-473.48,570.41,False,0.25
QLD1,2025-11-10,89.35,118.22,-403.72,640.17,False,-0.14
QLD1,2025-11-11,44.55,157.93,-364.01,679.88,False,-0.56
QLD1,2025-11-12,52.29,93.66,-428.28,615.61,False,-0.2
QLD1,2025-11-13,41.69,91.34,-430.6,613.29,False,-0.25
QLD1,2025-11-14,74.69,78.11,-443.83,600.05,False,-0.02
QLD1,2025-11-15,59.22,40.16,-481.79,562.1,False,0.09
QLD1,2025-11-16,79.16,65.54,-456.4,587.49,False,0.07
QLD1,2025-11-17,36.48,86.27,-435.67,608.21,False,-0.25
QLD1,2025-11-18,50.97,67.49,-454.46,589.43,False,-0.08
QLD1,2025-11-19,58.11,69.64,-452.3,591.59,False,-0.06
QLD1,2025-11-20,43.31,62.22,-459.73,584.16,False,-0.09
QLD1,2025-11-21,31.95,65.07,-456.87,587.01,False,-0.16
QLD1,2025-11-22,54.58,44.66,-477.28,566.61,False,0.05
QLD1,2025-11-23,84.42,67.71,-454.23,589.65,False,0.08
QLD1,2025-11-24,61.99,62.44,-459.5,584.38,False,-0.0
QLD1,2025-11-25,66.63,62.65,-459.3,584.59,False,0.02
QLD1,2025-11-26,87.39,65.26,-456.69,587.2,False,0.11
QLD1,2025-11-27,100.22,60.83,-461.12,582.77,False,0.19
QLD1,2025-11-28,90.09,68.69,-453.25,590.63,False,0.11
QLD1,2025-11-29,86.16,60.83,-461.12,582.77,False,0.13
QLD1,2025-11-30,46.44,66.56,-455.38,588.51,False,-0.1
QLD1,2025-12-01,44.67,57.37,-464.57,579.31,False,-0.06
QLD1,2025-12-02,37.54,67.11,-454.83,589.05,False,-0.15
QLD1,2025-12-03,47.02,75.04,-446.9,596.99,False,-0.14
QLD1,2025-12-04,53.07,102.63,-419.32,624.57,False,-0.24
QLD1,2025-12-05,44.26,117.08,-404.87,639.02,False,-0.36
QLD1,2025-12-06,54.89,64.83,-457.11,586.77,False,-0.05
QLD1,2025-12-07,47.04,55.87,-466.07,577.81,False,-0.04
QLD1,2025-12-08,48.01,66.87,-455.07,588.81,False,-0.09
QLD1,2025-12-09,67.69,85.64,-436.3,607.58,False,-0.09
QLD1,2025-12-10,72.47,80.82,-441.12,602.76,False,-0.04
QLD1,2025-12-11,56.84,78.7,-443.24,600.65,False,-0.11
QLD1,2025-12-12,66.77,89.93,-432.01,611.88,False,-0.11
QLD1,2025-12-13,50.81,44.63,-477.31,566.57,False,0.03
QLD1,2025-12-14,45.84,55.0,-466.94,576.94,False,-0.05
QLD1,2025-12-15,96.84,76.07,-445.87,598.02,False,0.1
QLD1,2025-12-16,74.29,60.79,-461.15,582.74,False,0.07
QLD1,2025-12-17,59.21,87.16,-434.78,609.1,False,-0.14
QLD1,2025-12-18,57.39,68.62,-453.32,590.56,False,-0.06
QLD1,2025-12-19,56.06,51.54,-470.4,573.49,False,0.02
QLD1,2025-12-20,68.09,53.89,-468.05,575.84,False,0.07
QLD1,2025-12-21,62.85,50.96,-470.99,572.9,False,0.06
QLD1,2025-12-22,90.63,60.48,-461.46,582.43,False,0.15
QLD1,2025-12-23,101.17,55.95,-466.0,577.89,False,0.22
QLD1,2025-12-24,79.74,46.48,-475.47,568.42,False,0.16
QLD1,2025-12-25,38.11,57.35,-464.59,579.3,False,-0.09
QLD1,2025-12-26,38.35,44.5,-477.44,566.45,False,-0.03
QLD1,2025-12-27,11.67,44.48,-477.46,566.42,False,-0.16
QLD1,2025-12-28,17.95,49.92,-472.02,571.86,False,-0.16
QLD1,2025-12-29,21.97,107.68,-414.26,629.62,False,-0.42
QLD1,2025-12-30,32.16,76.89,-445.05,598.83,False,-0.22
QLD1,2025-12-31,42.12,83.07,-438.88,605.01,False,-0.2
QLD1,2026-01-01,34.94,75.34,-446.6,597.28,False,-0.2
QLD1,2026-01-02,51.37,69.35,-452.59,591.3,False,-0.09
QLD1,2026-01-03,45.93,52.52,-469.42,574.46,False,-0.03
QLD1,2026-01-04,54.78,48.44,-473.51,570.38,False,0.03
QLD1,2026-01-05,54.8,60.4,-461.54,582.34,False,-0.03
QLD1,2026-01-06,56.28,56.33,-465.61,578.28,False,-0.0
QLD1,2026-01-07,48.35,82.78,-439.17,604.72,False,-0.17
QLD1,2026-01-08,50.87,44.58,-477.36,566.52,False,0.03
QLD1,2026-01-09,37.76,71.83,-450.11,593.77,False,-0.17
QLD1,2026-01-10,56.8,51.74,-470.21,573.68,False,0.02
QLD1,2026-01-11,58.62,46.92,-475.03,568.86,False,0.06
QLD1,2026-01-12,42.65,65.13,-456.82,587.07,False,-0.11
QLD1,2026-01-13,60.8,46.42,-475.53,568.36,False,0.07
QLD1,2026-01-14,58.57,57.98,-463.97,579.92,False,0.0
QLD1,2026-01-15,243.14,52.7,-469.24,574.64,False,0.94
QLD1,2026-01-16,104.42,42.27,-479.67,564.21,False,0.31
QLD1,2026-01-17,75.62,49.17,-472.78,571.11,False,0.13
QLD1,2026-01-18,46.71,47.5,-474.44,569.44,False,-0.0
QLD1,2026-01-19,43.06,51.97,-469.98,573.91,False,-0.04
QLD1,2026-01-20,47.21,54.78,-467.16,576.73,False,-0.04
QLD1,2026-01-21,41.24,54.01,-467.93,575.96,False,-0.06
QLD1,2026-01-22,69.79,73.92,-448.02,595.87,False,-0.02
QLD1,2026-01-23,54.81,100.58,-421.36,622.52,False,-0.23
QLD1,2026-01-24,44.76,115.61,-406.34,637.55,False,-0.35
QLD1,2026-01-25,72.06,64.54,-457.4,586.49,False,0.04
QLD1,2026-01-26,80.95,63.86,-458.08,585.81,False,0.08
QLD1,2026-01-27,72.57,74.68,-447.26,596.63,False,-0.01
QLD1,2026-01-28,71.2,84.84,-437.1,606.78,False,-0.07
QLD1,2026-01-29,49.48,61.24,-460.71,583.18,False,-0.06
QLD1,2026-01-30,79.63,54.46,-467.48,576.41,False,0.12
QLD1,2026-01-31,75.82,51.64,-470.3,573.59,False,0.12
QLD1,2026-02-01,69.11,88.52,-433.42,610.47,False,-0.1
QLD1,2026-02-02,77.67,105.39,-416.56,627.33,False,-0.14
QLD1,2026-02-03,58.01,105.07,-416.88,627.01,False,-0.23
QLD1,2026-02-04,76.89,97.53,-424.41,619.48,False,-0.1
QLD1,2026-02-05,102.0,73.18,-448.76,595.12,False,0.14
QLD1,2026-02-06,84.46,75.86,-446.08,597.8,False,0.04
QLD1,2026-02-07,40.7,54.51,-467.43,576.46,False,-0.07
QLD1,2026-02-08,53.14,56.37,-465.57,578.31,False,-0.02
QLD1,2026-02-09,87.42,68.54,-453.4,590.48,False,0.09
QLD1,2026-02-10,127.85,60.37,-461.57,582.31,False,0.33
QLD1,2026-02-11,108.0,70.47,-451.47,592.41,False,0.19
QLD1,2026-02-12,91.81,68.33,-453.61,590.28,False,0.12
QLD1,2026-02-13,84.4,99.77,-422.17,621.72,False,-0.08
QLD1,2026-02-14,47.93,58.91,-463.04,580.85,False,-0.05
QLD1,2026-02-15,54.29,79.91,-442.04,601.85,False,-0.13
QLD1,2026-02-16,45.6,75.97,-445.97,597.92,False,-0.15
QLD1,2026-02-17,42.48,72.47,-449.48,594.41,False,-0.15
QLD1,2026-02-18,73.31,88.26,-433.68,610.2,False,-0.07
QLD1,2026-02-19,83.33,94.81,-427.13,616.75,False,-0.06
QLD1,2026-02-20,81.84,87.81,-434.13,609.75,False,-0.03
QLD1,2026-02-21,54.94,83.79,-438.15,605.74,False,-0.14
QLD1,2026-02-22,47.7,88.73,-433.22,610.67,False,-0.2
QLD1,2026-02-23,74.82,89.63,-432.31,611.57,False,-0.07
QLD1,2026-02-24,83.96,90.39,-431.56,612.33,False,-0.03
QLD1,2026-02-25,71.45,83.36,-438.59,605.3,False,-0.06
QLD1,2026-02-26,50.65,110.04,-411.9,631.98,False,-0.29
QLD1,2026-02-27,51.01,99.9,-422.04,621.84,False,-0.24
QLD1,2026-02-28,31.48,68.58,-453.36,590.53,False,-0.18
QLD1,2026-03-01,31.51,63.54,-458.4,585.49,False,-0.16
QLD1,2026-03-02,43.88,88.95,-432.99,610.9,False,-0.22
QLD1,2026-03-03,53.64,71.04,-450.9,592.98,False,-0.09
QLD1,2026-03-04,70.81,75.2,-446.74,597.14,False,-0.02
QLD1,2026-03-05,77.56,70.39,-451.55,592.34,False,0.04
QLD1,2026-03-06,82.93,66.08,-455.86,588.02,False,0.08
QLD1,2026-03-07,77.0,40.71,-481.23,562.66,False,0.18
QLD1,2026-03-08,76.1,35.74,-486.2,557.68,False,0.2
QLD1,2026-03-09,86.88,86.57,-435.37,608.52,False,0.0
QLD1,2026-03-10,61.99,111.95,-409.99,633.89,False,-0.25
QLD1,2026-03-11,46.88,89.55,-432.39,611.5,False,-0.21
QLD1,2026-03-12,58.39,137.06,-384.89,659.0,False,-0.39
QLD1,2026-03-13,64.94,67.85,-454.1,589.79,False,-0.01
QLD1,2026-03-14,30.42,140.96,-380.98,662.9,False,-0.55
QLD1,2026-03-15,39.04,73.49,-448.45,595.44,False,-0.17
QLD1,2026-03-16,70.74,79.21,-442.74,601.15,False,-0.04
QLD1,2026-03-17,95.01,60.43,-461.51,582.38,False,0.17
QLD1,2026-03-18,106.27,67.5,-454.44,589.45,False,0.19
QLD1,2026-03-19,118.53,71.34,-450.6,593.28,False,0.23
QLD1,2026-03-20,71.9,81.45,-440.49,603.39,False,-0.05
QLD1,2026-03-21,62.36,69.02,-452.93,590.96,False,-0.03
QLD1,2026-03-22,57.7,56.58,-465.36,578.53,False,0.01
QLD1,2026-03-23,51.85,93.32,-428.62,615.26,False,-0.2
QLD1,2026-03-24,64.24,85.9,-436.05,607.84,False,-0.11
QLD1,2026-03-25,62.83,63.24,-458.71,585.18,False,-0.0
QLD1,2026-03-26,74.16,62.81,-459.14,584.75,False,0.06
QLD1,2026-03-27,48.18,78.11,-443.83,600.05,False,-0.15
QLD1,2026-03-28,33.59,63.92,-458.02,585.86,False,-0.15
QLD1,2026-03-29,34.71,64.06,-457.88,586.0,False,-0.14
QLD1,2026-03-30,40.77,69.91,-452.03,591.85,False,-0.14
QLD1,2026-03-31,46.96,98.53,-423.42,620.47,False,-0.25
QLD1,2026-04-01,51.76,79.25,-442.69,601.19,False,-0.14
QLD1,2026-04-02,62.67,64.07,-457.87,586.01,False,-0.01
QLD1,2026-04-03,39.92,66.61,-455.33,588.55,False,-0.13
QLD1,2026-04-04,37.96,59.88,-462.06,581.83,False,-0.11
QLD1,2026-04-05,40.59,51.24,-470.71,573.18,False,-0.05
QLD1,2026-04-06,49.01,68.98,-452.96,590.93,False,-0.1
QLD1,2026-04-07,70.9,67.11,-454.83,589.05,False,0.02
QLD1,2026-04-08,80.07,62.91,-459.04,584.85,False,0.08
QLD1,2026-04-09,66.22,66.6,-455.34,588.54,False,-0.0
QLD1,2026-04-10,61.96,54.68,-467.26,576.62,False,0.04
QLD1,2026-04-11,52.9,51.88,-470.06,573.83,False,0.01
QLD1,2026-04-12,42.1,56.77,-465.17,578.71,False,-0.07
QLD1,2026-04-13,65.01,50.14,-471.8,572.08,False,0.07
QLD1,2026-04-14,68.1,50.6,-471.34,572.54,False,0.09
QLD1,2026-04-15,76.08,68.54,-453.4,590.49,False,0.04
QLD1,2026-04-16,63.9,52.27,-469.68,574.21,False,0.06
QLD1,2026-04-17,57.63,49.88,-472.07,571.82,False,0.04
QLD1,2026-04-18,51.88,54.58,-467.36,576.53,False,-0.01
QLD1,2026-04-19,48.31,66.02,-455.92,587.96,False,-0.09
QLD1,2026-04-20,53.22,57.99,-463.95,579.93,False,-0.02
QLD1,2026-04-21,41.65,67.88,-454.07,589.82,False,-0.13
QLD1,2026-04-22,40.71,81.14,-440.81,603.08,False,-0.2
QLD1,2026-04-23,38.12,79.79,-442.16,601.73,False,-0.21
QLD1,2026-04-24,47.8,63.04,-458.91,584.98,False,-0.08
QLD1,2026-04-25,41.74,52.43,-469.51,574.38,False,-0.05
QLD1,2026-04-26,46.81,54.92,-467.02,576.86,False,-0.04
QLD1,2026-04-27,56.74,73.11,-448.83,595.05,False,-0.08
QLD1,2026-04-28,51.21,114.42,-407.53,636.36,False,-0.31
QLD1,2026-04-29,43.87,95.13,-426.82,617.07,False,-0.25
QLD1,2026-04-30,50.36,103.44,-418.51,625.38,False,-0.26
QLD1,2026-05-01,60.27,78.32,-443.62,600.26,False,-0.09
QLD1,2026-05-02,45.46,51.88,-470.06,573.82,False,-0.03
QLD1,2026-05-03,37.95,59.67,-462.27,581.61,False,-0.11
QLD1,2026-05-04,60.39,64.05,-457.9,585.99,False,-0.02
QLD1,2026-05-05,83.35,74.57,-447.37,596.51,False,0.04
QLD1,2026-05-06,85.16,55.64,-466.3,577.59,False,0.15
QLD1,2026-05-07,62.08,56.88,-465.07,578.82,False,0.03
QLD1,2026-05-08,42.93,52.16,-469.78,574.11,False,-0.05
QLD1,2026-05-09,59.18,34.78,-487.16,556.72,False,0.12
QLD1,2026-05-10,71.46,37.49,-484.45,559.43,False,0.17
QLD1,2026-05-11,69.91,55.35,-466.59,577.3,False,0.07
QLD1,2026-05-12,61.29,58.01,-463.93,579.96,False,0.02
QLD1,2026-05-13,67.96,54.62,-467.32,576.57,False,0.07
QLD1,2026-05-14,84.44,73.82,-448.12,595.77,False,0.05
QLD1,2026-05-15,62.74,76.18,-445.76,598.13,False,-0.07
QLD1,2026-05-16,69.55,43.4,-478.54,565.34,False,0.13
QLD1,2026-05-17,103.71,50.87,-471.07,572.82,False,0.26
QLD1,2026-05-18,176.53,77.62,-444.32,599.57,False,0.49
QLD1,2026-05-19,99.24,80.73,-441.22,602.67,False,0.09
QLD1,2026-05-20,62.09,86.77,-435.17,608.71,False,-0.12
QLD1,2026-05-21,65.42,80.77,-441.18,602.71,False,-0.08
QLD1,2026-05-22,60.89,77.32,-444.62,599.27,False,-0.08
QLD1,2026-05-23,58.04,67.88,-454.06,589.83,False,-0.05
QLD1,2026-05-24,82.95,64.33,-457.61,586.27,False,0.09
QLD1,2026-05-25,94.95,114.52,-407.43,636.46,False,-0.1
QLD1,2026-05-26,112.01,106.21,-415.73,628.15,False,0.03
QLD1,2026-05-27,141.2,117.6,-404.34,639.54,False,0.12
QLD1,2026-05-28,103.36,102.17,-419.77,624.11,False,0.01
QLD1,2026-05-29,75.64,83.41,-438.53,605.36,False,-0.04
QLD1,2026-05-30,54.66,71.58,-450.37,593.52,False,-0.08
QLD1,2026-05-31,51.6,65.37,-456.57,587.31,False,-0.07
QLD1,2026-06-01,64.95,137.92,-384.02,659.86,False,-0.36
SA1,2025-01-01,-14.3,58.42,-125.56,242.39,False,-1.02
SA1,2025-01-02,-2.85,55.53,-128.44,239.51,False,-0.82
SA1,2025-01-03,62.68,43.13,-140.85,227.1,False,0.27
SA1,2025-01-04,86.63,21.07,-162.9,205.05,False,0.92
SA1,2025-01-05,97.51,19.76,-164.22,203.73,False,1.09
SA1,2025-01-06,44.28,45.69,-138.29,229.66,False,-0.02
SA1,2025-01-07,-12.73,60.01,-123.96,243.99,False,-1.02
SA1,2025-01-08,44.82,26.62,-157.35,210.6,False,0.25
SA1,2025-01-09,119.16,54.09,-129.89,238.06,False,0.91
SA1,2025-01-10,98.32,35.1,-148.88,219.07,False,0.89
SA1,2025-01-11,84.68,71.21,-112.76,255.19,False,0.19
SA1,2025-01-12,84.92,54.18,-129.8,238.15,False,0.43
SA1,2025-01-13,87.24,40.52,-143.46,224.49,False,0.65
SA1,2025-01-14,105.55,47.01,-136.96,230.99,False,0.82
SA1,2025-01-15,19.49,58.54,-125.43,242.52,False,-0.55
SA1,2025-01-16,56.49,48.91,-135.06,232.89,False,0.11
SA1,2025-01-17,6.89,40.92,-143.05,224.9,False,-0.48
SA1,2025-01-18,19.42,22.95,-161.02,206.93,False,-0.05
SA1,2025-01-19,129.05,46.75,-137.23,230.72,False,1.15
SA1,2025-01-20,140.65,53.29,-130.69,237.26,False,1.22
SA1,2025-01-21,67.24,76.98,-106.99,260.96,False,-0.14
SA1,2025-01-22,-6.85,69.12,-114.85,253.1,False,-1.06
SA1,2025-01-23,58.62,66.98,-117.0,250.95,False,-0.12
SA1,2025-01-24,9.2,58.38,-125.6,242.35,False,-0.69
SA1,2025-01-25,30.33,76.21,-107.76,260.19,False,-0.64
SA1,2025-01-26,55.78,70.34,-113.63,254.32,False,-0.2
SA1,2025-01-27,2.18,84.12,-99.86,268.09,False,-1.15
SA1,2025-01-28,-18.72,73.41,-110.57,257.38,False,-1.29
SA1,2025-01-29,-13.22,92.22,-91.76,276.19,False,-1.48
SA1,2025-01-30,20.58,74.26,-109.72,258.23,False,-0.75
SA1,2025-01-31,32.11,55.85,-128.13,239.82,False,-0.33
SA1,2025-02-01,480.55,82.12,-101.85,266.1,True,5.58
SA1,2025-02-02,110.72,74.34,-109.63,258.32,False,0.51
SA1,2025-02-03,343.69,31.65,-152.33,215.62,True,4.37
SA1,2025-02-04,76.8,31.28,-152.7,215.25,False,0.64
SA1,2025-02-05,38.66,46.27,-137.71,230.24,False,-0.11
SA1,2025-02-06,112.6,36.46,-147.52,220.43,False,1.07
SA1,2025-02-07,79.38,33.32,-150.65,217.3,False,0.64
SA1,2025-02-08,-24.82,29.21,-154.77,213.18,False,-0.76
SA1,2025-02-09,-21.74,38.21,-145.76,222.18,False,-0.84
SA1,2025-02-10,26.52,159.98,-23.99,343.96,False,-1.87
SA1,2025-02-11,141.32,132.82,-51.15,316.8,False,0.12
SA1,2025-02-12,467.78,76.79,-107.18,260.77,True,5.47
SA1,2025-02-13,12.92,154.38,-29.59,338.36,False,-1.98
SA1,2025-02-14,20.46,89.5,-94.48,273.47,False,-0.97
SA1,2025-02-15,-8.1,48.25,-135.72,232.23,False,-0.79
SA1,2025-02-16,17.51,92.56,-91.42,276.53,False,-1.05
SA1,2025-02-17,66.29,50.97,-133.01,234.94,False,0.21
SA1,2025-02-18,37.51,83.33,-100.64,267.31,False,-0.64
SA1,2025-02-19,-24.28,97.82,-86.16,281.79,False,-1.71
SA1,2025-02-20,-7.17,135.35,-48.62,319.33,False,-2.0
SA1,2025-02-21,38.92,129.62,-54.36,313.59,False,-1.27
SA1,2025-02-22,50.81,97.97,-86.01,281.94,False,-0.66
SA1,2025-02-23,46.87,82.66,-101.31,266.64,False,-0.5
SA1,2025-02-24,40.33,71.02,-112.95,254.99,False,-0.43
SA1,2025-02-25,97.86,97.57,-86.41,281.54,False,0.0
SA1,2025-02-26,75.61,38.24,-145.73,222.22,False,0.52
SA1,2025-02-27,127.7,58.44,-125.53,242.42,False,0.97
SA1,2025-02-28,132.62,63.77,-120.21,247.74,False,0.96
SA1,2025-03-01,81.88,27.61,-156.36,211.59,False,0.76
SA1,2025-03-02,-5.05,59.89,-124.08,243.87,False,-0.91
SA1,2025-03-03,-8.25,94.08,-89.89,278.06,False,-1.43
SA1,2025-03-04,57.93,78.45,-105.52,262.43,False,-0.29
SA1,2025-03-05,39.29,26.97,-157.01,210.94,False,0.17
SA1,2025-03-06,-5.04,51.5,-132.48,235.47,False,-0.79
SA1,2025-03-07,43.04,68.83,-115.15,252.8,False,-0.36
SA1,2025-03-08,45.95,54.19,-129.79,238.16,False,-0.12
SA1,2025-03-09,154.19,88.21,-95.77,272.18,False,0.92
SA1,2025-03-10,98.02,58.2,-125.77,242.18,False,0.56
SA1,2025-03-11,124.41,58.21,-125.77,242.18,False,0.93
SA1,2025-03-12,89.91,69.16,-114.82,253.13,False,0.29
SA1,2025-03-13,113.81,68.58,-115.39,252.56,False,0.63
SA1,2025-03-14,118.3,65.26,-118.72,249.23,False,0.74
SA1,2025-03-15,90.69,65.1,-118.87,249.08,False,0.36
SA1,2025-03-16,-1.41,51.01,-132.96,234.99,False,-0.73
SA1,2025-03-17,-3.69,109.29,-74.68,293.27,False,-1.58
SA1,2025-03-18,93.83,81.35,-102.63,265.32,False,0.17
SA1,2025-03-19,113.97,89.96,-94.02,273.93,False,0.34
SA1,2025-03-20,78.95,58.43,-125.54,242.41,False,0.29
SA1,2025-03-21,116.9,82.32,-101.66,266.29,False,0.48
SA1,2025-03-22,74.06,38.48,-145.49,222.45,False,0.5
SA1,2025-03-23,57.98,37.67,-146.31,221.64,False,0.28
SA1,2025-03-24,36.43,50.57,-133.41,234.54,False,-0.2
SA1,2025-03-25,48.98,88.36,-95.61,272.34,False,-0.55
SA1,2025-03-26,60.34,108.16,-75.82,292.13,False,-0.67
SA1,2025-03-27,53.32,103.27,-80.71,287.24,False,-0.7
SA1,2025-03-28,108.71,127.59,-56.39,311.56,False,-0.26
SA1,2025-03-29,54.19,95.42,-88.55,279.4,False,-0.58
SA1,2025-03-30,-9.84,72.39,-111.58,256.37,False,-1.15
SA1,2025-03-31,-5.94,104.23,-79.75,288.2,False,-1.54
SA1,2025-04-01,53.41,96.7,-87.27,280.68,False,-0.61
SA1,2025-04-02,112.45,119.92,-64.05,303.9,False,-0.1
SA1,2025-04-03,72.28,75.13,-108.85,259.1,False,-0.04
SA1,2025-04-04,90.92,53.74,-130.23,237.72,False,0.52
SA1,2025-04-05,60.02,57.6,-126.38,241.57,False,0.03
SA1,2025-04-06,58.74,28.11,-155.86,212.09,False,0.43
SA1,2025-04-07,110.16,81.16,-102.81,265.14,False,0.41
SA1,2025-04-08,136.06,77.46,-106.51,261.43,False,0.82
SA1,2025-04-09,176.74,93.99,-89.98,277.97,False,1.16
SA1,2025-04-10,91.37,75.08,-108.9,259.05,False,0.23
SA1,2025-04-11,103.68,110.96,-73.01,294.94,False,-0.1
SA1,2025-04-12,90.61,51.32,-132.66,235.29,False,0.55
SA1,2025-04-13,52.44,69.95,-114.03,253.92,False,-0.25
SA1,2025-04-14,120.54,94.24,-89.74,278.21,False,0.37
SA1,2025-04-15,112.48,91.73,-92.25,275.7,False,0.29
SA1,2025-04-16,122.2,116.03,-67.94,300.01,False,0.09
SA1,2025-04-17,139.53,90.76,-93.22,274.73,False,0.68
SA1,2025-04-18,82.32,106.66,-77.32,290.63,False,-0.34
SA1,2025-04-19,20.24,63.35,-120.63,247.32,False,-0.6
SA1,2025-04-20,-3.08,80.08,-103.9,264.05,False,-1.16
SA1,2025-04-21,28.16,80.15,-103.82,264.13,False,-0.73
SA1,2025-04-22,16.9,103.46,-80.51,287.44,False,-1.21
SA1,2025-04-23,47.92,120.8,-63.17,304.78,False,-1.02
SA1,2025-04-24,94.07,102.73,-81.25,286.7,False,-0.12
SA1,2025-04-25,123.15,113.31,-70.67,297.28,False,0.14
SA1,2025-04-26,107.04,103.31,-80.67,287.28,False,0.05
SA1,2025-04-27,93.82,85.15,-98.83,269.12,False,0.12
SA1,2025-04-28,143.68,97.41,-86.57,281.38,False,0.65
SA1,2025-04-29,147.82,158.95,-25.03,342.92,False,-0.16
SA1,2025-04-30,58.86,117.27,-66.71,301.24,False,-0.82
SA1,2025-05-01,86.26,91.47,-92.5,275.44,False,-0.07
SA1,2025-05-02,95.02,92.02,-91.95,276.0,False,0.04
SA1,2025-05-03,7.5,98.06,-85.92,282.03,False,-1.27
SA1,2025-05-04,-11.54,104.01,-79.97,287.98,False,-1.62
SA1,2025-05-05,-32.54,93.34,-90.63,277.32,False,-1.76
SA1,2025-05-06,-5.05,112.78,-71.2,296.75,False,-1.65
SA1,2025-05-07,12.04,109.19,-74.79,293.16,False,-1.36
SA1,2025-05-08,77.99,101.48,-82.49,285.46,False,-0.33
SA1,2025-05-09,101.6,110.79,-73.18,294.77,False,-0.13
SA1,2025-05-10,86.15,83.24,-100.74,267.21,False,0.04
SA1,2025-05-11,86.15,60.42,-123.56,244.39,False,0.36
SA1,2025-05-12,121.06,64.47,-119.5,248.45,False,0.79
SA1,2025-05-13,113.84,69.43,-114.54,253.41,False,0.62
SA1,2025-05-14,129.32,91.86,-92.11,275.84,False,0.52
SA1,2025-05-15,148.39,78.67,-105.3,262.64,False,0.98
SA1,2025-05-16,152.81,77.15,-106.83,261.12,False,1.06
SA1,2025-05-17,101.75,56.79,-127.18,240.77,False,0.63
SA1,2025-05-18,55.66,62.34,-121.64,246.31,False,-0.09
SA1,2025-05-19,114.19,71.23,-112.75,255.2,False,0.6
SA1,2025-05-20,142.01,51.64,-132.34,235.61,False,1.27
SA1,2025-05-21,191.73,112.36,-71.62,296.33,False,1.11
SA1,2025-05-22,146.98,49.07,-134.91,233.04,False,1.37
SA1,2025-05-23,145.79,54.02,-129.95,237.99,False,1.28
SA1,2025-05-24,26.46,51.59,-132.38,235.57,False,-0.35
SA1,2025-05-25,47.93,50.58,-133.4,234.55,False,-0.04
SA1,2025-05-26,-14.87,101.83,-82.15,285.8,False,-1.63
SA1,2025-05-27,18.53,66.37,-117.61,250.34,False,-0.67
SA1,2025-05-28,102.7,72.12,-111.85,256.1,False,0.43
SA1,2025-05-29,95.65,93.47,-90.51,277.44,False,0.03
SA1,2025-05-30,111.05,92.54,-91.43,276.52,False,0.26
SA1,2025-05-31,127.81,88.28,-95.7,272.25,False,0.55
SA1,2025-06-01,79.88,120.39,-63.59,304.36,False,-0.57
SA1,2025-06-02,148.85,116.34,-67.63,300.31,False,0.46
SA1,2025-06-03,114.06,113.37,-70.61,297.34,False,0.01
SA1,2025-06-04,113.96,125.98,-58.0,309.95,False,-0.17
SA1,2025-06-05,108.14,127.22,-56.75,311.2,False,-0.27
SA1,2025-06-06,-14.49,96.95,-87.02,280.93,False,-1.56
SA1,2025-06-07,67.5,67.69,-116.28,251.67,False,-0.0
SA1,2025-06-08,53.81,62.17,-121.8,246.15,False,-0.12
SA1,2025-06-09,105.36,129.03,-54.95,313.0,False,-0.33
SA1,2025-06-10,184.21,109.56,-74.41,293.54,False,1.05
SA1,2025-06-11,577.14,92.99,-90.98,276.97,True,6.78
SA1,2025-06-12,1635.93,90.85,-93.13,274.82,True,21.63
SA1,2025-06-13,257.87,90.02,-93.95,274.0,False,2.35
SA1,2025-06-14,86.02,70.24,-113.74,254.21,False,0.22
SA1,2025-06-15,159.94,66.4,-117.58,250.37,False,1.31
SA1,2025-06-16,42.15,91.09,-92.88,275.07,False,-0.69
SA1,2025-06-17,149.5,101.66,-82.31,285.64,False,0.67
SA1,2025-06-18,312.0,35.54,-148.43,219.52,True,3.87
SA1,2025-06-19,157.74,120.8,-63.18,304.77,False,0.52
SA1,2025-06-20,143.64,230.43,46.45,414.4,False,-1.22
SA1,2025-06-21,100.28,147.78,-36.19,331.76,False,-0.67
SA1,2025-06-22,16.8,193.34,9.36,377.31,False,-2.47
SA1,2025-06-23,-14.29,198.69,14.72,382.67,True,-2.98
SA1,2025-06-24,9.95,260.99,77.01,444.96,True,-3.51
SA1,2025-06-25,47.65,167.97,-16.01,351.94,False,-1.68
SA1,2025-06-26,1970.01,157.66,-26.31,341.64,True,25.37
SA1,2025-06-27,313.72,274.73,90.75,458.7,False,0.55
SA1,2025-06-28,199.84,183.59,-0.38,367.56,False,0.23
SA1,2025-06-29,187.69,204.47,20.49,388.44,False,-0.23
SA1,2025-06-30,197.35,187.36,3.39,371.34,False,0.14
SA1,2025-07-01,535.62,143.01,-40.97,326.98,True,5.5
SA1,2025-07-02,1999.54,91.88,-92.09,275.85,True,26.71
SA1,2025-07-03,265.27,314.63,130.65,498.6,False,-0.69
SA1,2025-07-04,26.57,287.99,104.02,471.97,True,-3.66
SA1,2025-07-05,2.36,293.82,109.85,477.8,True,-4.08
SA1,2025-07-06,64.92,311.75,127.77,495.72,True,-3.46
SA1,2025-07-07,88.03,263.64,79.67,447.62,False,-2.46
SA1,2025-07-08,13.44,298.87,114.9,482.85,True,-4.0
SA1,2025-07-09,76.3,466.44,282.47,650.42,True,-5.46
SA1,2025-07-10,51.2,231.11,47.14,415.09,False,-2.52
SA1,2025-07-11,90.55,247.28,63.31,431.26,False,-2.19
SA1,2025-07-12,116.0,286.64,102.67,470.62,False,-2.39
SA1,2025-07-13,12.33,288.66,104.68,472.63,True,-3.87
SA1,2025-07-14,152.56,330.06,146.08,514.03,False,-2.49
SA1,2025-07-15,144.08,298.57,114.6,482.55,False,-2.16
SA1,2025-07-16,107.97,264.88,80.9,448.85,False,-2.2
SA1,2025-07-17,90.67,79.72,-104.26,263.69,False,0.15
SA1,2025-07-18,137.22,117.47,-66.5,301.45,False,0.28
SA1,2025-07-19,41.7,106.46,-77.52,290.43,False,-0.91
SA1,2025-07-20,96.26,172.62,-11.36,356.59,False,-1.07
SA1,2025-07-21,-17.38,133.03,-50.95,317.0,False,-2.11
SA1,2025-07-22,18.36,146.75,-37.22,330.73,False,-1.8
SA1,2025-07-23,97.21,7.35,-176.63,191.32,False,1.26
SA1,2025-07-24,66.57,-7.67,-191.64,176.3,False,1.04
SA1,2025-07-25,35.78,14.3,-169.67,198.28,False,0.3
SA1,2025-07-26,42.92,-5.26,-189.23,178.72,False,0.67
SA1,2025-07-27,26.87,-19.65,-203.63,164.32,False,0.65
SA1,2025-07-28,159.43,32.47,-151.5,216.45,False,1.78
SA1,2025-07-29,221.45,-11.3,-195.27,172.67,True,3.26
SA1,2025-07-30,174.2,82.94,-101.04,266.91,False,1.28
SA1,2025-07-31,174.97,97.15,-86.82,281.13,False,1.09
SA1,2025-08-01,169.46,99.0,-84.97,282.98,False,0.99
SA1,2025-08-02,157.55,43.45,-140.52,227.42,False,1.6
SA1,2025-08-03,40.78,55.43,-128.54,239.41,False,-0.21
SA1,2025-08-04,-0.09,56.79,-127.19,240.76,False,-0.8
SA1,2025-08-05,49.12,143.02,-40.95,327.0,False,-1.31
SA1,2025-08-06,130.55,155.02,-28.95,339.0,False,-0.34
SA1,2025-08-07,163.77,122.35,-61.62,306.33,False,0.58
SA1,2025-08-08,93.92,130.57,-53.4,314.55,False,-0.51
SA1,2025-08-09,91.38,94.16,-89.82,278.13,False,-0.04
SA1,2025-08-10,162.37,30.52,-153.45,214.5,False,1.85
SA1,2025-08-11,80.78,57.92,-126.05,241.9,False,0.32
SA1,2025-08-12,128.74,78.79,-105.18,262.77,False,0.7
SA1,2025-08-13,169.08,112.76,-71.21,296.74,False,0.79
SA1,2025-08-14,54.3,208.32,24.35,392.3,False,-2.16
SA1,2025-08-15,19.02,84.76,-99.22,268.73,False,-0.92
SA1,2025-08-16,82.24,65.67,-118.3,249.65,False,0.23
SA1,2025-08-17,86.27,105.31,-78.67,289.28,False,-0.27
SA1,2025-08-18,176.13,110.09,-73.88,294.07,False,0.92
SA1,2025-08-19,171.99,121.83,-62.15,305.8,False,0.7
SA1,2025-08-20,79.55,128.53,-55.44,312.5,False,-0.69
SA1,2025-08-21,79.8,100.51,-83.46,284.49,False,-0.29
SA1,2025-08-22,70.6,50.01,-133.96,233.99,False,0.29
SA1,2025-08-23,106.81,93.12,-90.86,277.09,False,0.19
SA1,2025-08-24,84.88,48.92,-135.06,232.89,False,0.5
SA1,2025-08-25,69.89,77.11,-106.86,261.09,False,-0.1
SA1,2025-08-26,19.41,107.45,-76.53,291.42,False,-1.23
SA1,2025-08-27,-0.82,99.92,-84.06,283.89,False,-1.41
SA1,2025-08-28,16.82,52.27,-131.7,236.24,False,-0.5
SA1,2025-08-29,8.05,45.23,-138.75,229.2,False,-0.52
SA1,2025-08-30,29.01,45.69,-138.29,229.66,False,-0.23
SA1,2025-08-31,101.87,78.84,-105.13,262.82,False,0.32
SA1,2025-09-01,230.55,101.42,-82.56,285.39,False,1.81
SA1,2025-09-02,72.69,78.94,-105.03,262.92,False,-0.09
SA1,2025-09-03,57.72,84.63,-99.35,268.6,False,-0.38
SA1,2025-09-04,106.21,77.13,-106.85,261.1,False,0.41
SA1,2025-09-05,70.98,38.51,-145.47,222.48,False,0.45
SA1,2025-09-06,4.82,27.34,-156.63,211.32,False,-0.32
SA1,2025-09-07,-11.98,60.31,-123.67,244.28,False,-1.01
SA1,2025-09-08,47.7,121.47,-62.51,305.44,False,-1.03
SA1,2025-09-09,102.03,69.55,-114.43,253.52,False,0.45
SA1,2025-09-10,106.09,72.14,-111.84,256.11,False,0.48
SA1,2025-09-11,102.04,102.63,-81.34,286.61,False,-0.01
SA1,2025-09-12,116.07,81.11,-102.86,265.09,False,0.49
SA1,2025-09-13,119.51,59.43,-124.55,243.4,False,0.84
SA1,2025-09-14,-19.45,35.47,-148.5,219.45,False,-0.77
SA1,2025-09-15,2.17,65.25,-118.73,249.22,False,-0.88
SA1,2025-09-16,3.24,84.18,-99.8,268.15,False,-1.13
SA1,2025-09-17,60.31,104.24,-79.73,288.21,False,-0.62
SA1,2025-09-18,38.41,100.83,-83.15,284.8,False,-0.87
SA1,2025-09-19,8.74,83.36,-100.61,267.34,False,-1.04
SA1,2025-09-20,13.29,98.3,-85.67,282.28,False,-1.19
SA1,2025-09-21,17.89,89.55,-94.42,273.53,False,-1.0
SA1,2025-09-22,50.11,81.27,-102.7,265.25,False,-0.44
SA1,2025-09-23,81.44,57.27,-126.7,241.25,False,0.34
SA1,2025-09-24,77.4,107.59,-76.38,291.57,False,-0.42
SA1,2025-09-25,46.2,76.17,-107.8,260.14,False,-0.42
SA1,2025-09-26,25.93,94.38,-89.59,278.36,False,-0.96
SA1,2025-09-27,33.72,47.2,-136.77,231.18,False,-0.19
SA1,2025-09-28,68.94,83.33,-100.64,267.31,False,-0.2
SA1,2025-09-29,59.81,65.57,-118.4,249.55,False,-0.08
SA1,2025-09-30,35.97,35.18,-148.8,219.15,False,0.01
SA1,2025-10-01,-7.88,47.45,-136.53,231.42,False,-0.77
SA1,2025-10-02,13.43,30.93,-153.04,214.91,False,-0.25
SA1,2025-10-03,63.7,35.52,-148.46,219.49,False,0.39
SA1,2025-10-04,26.14,11.77,-172.21,195.74,False,0.2
SA1,2025-10-05,-17.57,18.57,-165.4,202.55,False,-0.51
SA1,2025-10-06,50.92,42.74,-141.23,226.72,False,0.11
SA1,2025-10-07,79.42,54.48,-129.5,238.45,False,0.35
SA1,2025-10-08,65.54,37.85,-146.12,221.83,False,0.39
SA1,2025-10-09,-1.52,22.38,-161.6,206.35,False,-0.33
SA1,2025-10-10,-33.86,24.4,-159.57,208.38,False,-0.82
SA1,2025-10-11,7.67,39.01,-144.97,222.98,False,-0.44
SA1,2025-10-12,38.25,25.72,-158.26,209.69,False,0.18
SA1,2025-10-13,92.12,105.05,-78.92,289.03,False,-0.18
SA1,2025-10-14,66.02,34.03,-149.94,218.0,False,0.45
SA1,2025-10-15,96.82,22.03,-161.94,206.01,False,1.05
SA1,2025-10-16,20.12,21.52,-162.45,205.5,False,-0.02
SA1,2025-10-17,43.09,27.17,-156.8,211.15,False,0.22
SA1,2025-10-18,31.05,9.18,-174.8,193.15,False,0.31
SA1,2025-10-19,20.08,17.26,-166.71,201.24,False,0.04
SA1,2025-10-20,116.83,41.46,-142.51,225.44,False,1.06
SA1,2025-10-21,133.01,63.23,-120.75,247.2,False,0.98
SA1,2025-10-22,1.94,62.05,-121.93,246.02,False,-0.84
SA1,2025-10-23,137.24,72.35,-111.63,256.32,False,0.91
SA1,2025-10-24,87.65,47.64,-136.33,231.61,False,0.56
SA1,2025-10-25,80.26,45.29,-138.69,229.26,False,0.49
SA1,2025-10-26,-11.84,15.34,-168.64,199.31,False,-0.38
SA1,2025-10-27,35.02,50.47,-133.51,234.44,False,-0.22
SA1,2025-10-28,55.22,43.87,-140.11,227.84,False,0.16
SA1,2025-10-29,117.12,63.41,-120.57,247.38,False,0.75
SA1,2025-10-30,108.86,47.46,-136.52,231.43,False,0.86
SA1,2025-10-31,40.02,33.98,-150.0,217.95,False,0.08
SA1,2025-11-01,42.84,51.5,-132.47,235.48,False,-0.12
SA1,2025-11-02,14.12,31.49,-152.48,215.46,False,-0.24
SA1,2025-11-03,53.02,72.84,-111.14,256.81,False,-0.28
SA1,2025-11-04,28.4,57.58,-126.4,241.55,False,-0.41
SA1,2025-11-05,40.3,80.92,-103.06,264.89,False,-0.57
SA1,2025-11-06,59.91,76.3,-107.67,260.28,False,-0.23
SA1,2025-11-07,9.85,78.31,-105.67,262.28,False,-0.96
SA1,2025-11-08,-0.38,62.32,-121.65,246.3,False,-0.88
SA1,2025-11-09,36.0,39.05,-144.93,223.02,False,-0.04
SA1,2025-11-10,42.13,68.27,-115.7,252.25,False,-0.37
SA1,2025-11-11,41.38,56.02,-127.96,239.99,False,-0.2
SA1,2025-11-12,57.15,60.82,-123.15,244.79,False,-0.05
SA1,2025-11-13,39.97,44.96,-139.01,228.94,False,-0.07
SA1,2025-11-14,61.83,58.23,-125.74,242.21,False,0.05
SA1,2025-11-15,71.0,40.72,-143.25,224.7,False,0.42
SA1,2025-11-16,0.26,41.07,-142.91,225.04,False,-0.57
SA1,2025-11-17,-5.82,68.55,-115.42,252.52,False,-1.04
SA1,2025-11-18,32.53,50.51,-133.46,234.49,False,-0.25
SA1,2025-11-19,30.52,69.26,-114.72,253.23,False,-0.54
SA1,2025-11-20,17.62,48.1,-135.87,232.08,False,-0.43
SA1,2025-11-21,-10.24,46.73,-137.24,230.71,False,-0.8
SA1,2025-11-22,54.55,28.89,-155.08,212.87,False,0.36
SA1,2025-11-23,68.55,30.59,-153.39,214.56,False,0.53
SA1,2025-11-24,34.17,52.3,-131.68,236.27,False,-0.25
SA1,2025-11-25,19.16,66.5,-117.48,250.47,False,-0.66
SA1,2025-11-26,-6.7,9.91,-174.06,193.89,False,-0.23
SA1,2025-11-27,35.45,56.37,-127.61,240.34,False,-0.29
SA1,2025-11-28,82.52,24.05,-159.92,208.03,False,0.82
SA1,2025-11-29,31.09,16.69,-167.29,200.66,False,0.2
SA1,2025-11-30,-6.32,19.33,-164.64,203.31,False,-0.36
SA1,2025-12-01,8.71,44.19,-139.79,228.16,False,-0.5
SA1,2025-12-02,86.23,38.05,-145.93,222.02,False,0.67
SA1,2025-12-03,66.88,20.41,-163.56,204.39,False,0.65
SA1,2025-12-04,30.42,29.43,-154.55,213.4,False,0.01
SA1,2025-12-05,78.88,41.51,-142.46,225.49,False,0.52
SA1,2025-12-06,19.28,18.72,-165.25,202.7,False,0.01
SA1,2025-12-07,-4.45,-3.07,-187.05,180.9,False,-0.02
SA1,2025-12-08,120.57,28.04,-155.94,212.01,False,1.3
SA1,2025-12-09,51.16,38.95,-145.02,222.92,False,0.17
SA1,2025-12-10,53.22,60.4,-123.57,244.38,False,-0.1
SA1,2025-12-11,26.78,47.3,-136.68,231.27,False,-0.29
SA1,2025-12-12,67.01,30.72,-153.25,214.7,False,0.51
SA1,2025-12-13,40.63,18.99,-164.99,202.96,False,0.3
SA1,2025-12-14,3.23,22.62,-161.36,206.59,False,-0.27
SA1,2025-12-15,-42.2,26.93,-157.04,210.91,False,-0.97
SA1,2025-12-16,6.63,32.47,-151.5,216.45,False,-0.36
SA1,2025-12-17,83.3,32.68,-151.29,216.66,False,0.71
SA1,2025-12-18,101.2,20.85,-163.12,204.83,False,1.12
SA1,2025-12-19,63.93,42.43,-141.54,226.41,False,0.3
SA1,2025-12-20,53.54,5.1,-178.87,189.08,False,0.68
SA1,2025-12-21,22.49,15.12,-168.86,199.09,False,0.1
SA1,2025-12-22,0.95,32.48,-151.49,216.46,False,-0.44
SA1,2025-12-23,-4.53,20.24,-163.74,204.21,False,-0.35
SA1,2025-12-24,-13.19,6.01,-177.96,189.99,False,-0.27
SA1,2025-12-25,-83.76,5.81,-178.16,189.78,False,-1.25
SA1,2025-12-26,-73.0,13.33,-170.64,197.31,False,-1.21
SA1,2025-12-27,-18.67,10.85,-173.12,194.83,False,-0.41
SA1,2025-12-28,97.57,9.31,-174.66,193.29,False,1.24
SA1,2025-12-29,53.76,51.39,-132.59,235.36,False,0.03
SA1,2025-12-30,14.28,51.27,-132.7,235.25,False,-0.52
SA1,2025-12-31,-45.5,44.86,-139.12,228.83,False,-1.27
SA1,2026-01-01,-25.88,9.45,-174.52,193.43,False,-0.49
SA1,2026-01-02,13.01,-4.65,-188.62,179.33,False,0.25
SA1,2026-01-03,48.86,-12.55,-196.52,171.43,False,0.86
SA1,2026-01-04,-13.9,-3.27,-187.25,180.7,False,-0.15
SA1,2026-01-05,12.83,41.36,-142.62,225.33,False,-0.4
SA1,2026-01-06,567.53,15.45,-168.53,199.42,True,7.73
SA1,2026-01-07,156.42,40.02,-143.95,224.0,False,1.63
SA1,2026-01-08,151.95,28.0,-155.98,211.97,False,1.74
SA1,2026-01-09,34.14,30.09,-153.88,214.07,False,0.06
SA1,2026-01-10,-15.15,17.56,-166.41,201.54,False,-0.46
SA1,2026-01-11,-11.08,-0.28,-184.26,183.69,False,-0.15
SA1,2026-01-12,12.27,2.68,-181.29,186.66,False,0.13
SA1,2026-01-13,38.26,5.07,-178.9,189.05,False,0.46
SA1,2026-01-14,40.58,81.4,-102.57,265.38,False,-0.57
SA1,2026-01-15,19.13,36.53,-147.45,220.5,False,-0.24
SA1,2026-01-16,1.7,55.53,-128.45,239.5,False,-0.75
SA1,2026-01-17,-5.93,53.79,-130.19,237.76,False,-0.84
SA1,2026-01-18,214.09,60.96,-123.01,244.94,False,2.14
SA1,2026-01-19,8.59,88.39,-95.59,272.36,False,-1.12
SA1,2026-01-20,42.6,25.55,-158.43,209.52,False,0.24
SA1,2026-01-21,25.9,45.16,-138.81,229.14,False,-0.27
SA1,2026-01-22,15.68,58.56,-125.41,242.54,False,-0.6
SA1,2026-01-23,51.81,69.9,-114.07,253.88,False,-0.25
SA1,2026-01-24,66.12,45.06,-138.92,229.03,False,0.29
SA1,2026-01-25,113.55,82.27,-101.71,266.24,False,0.44
SA1,2026-01-26,2457.31,75.26,-108.71,259.24,True,33.35
SA1,2026-01-27,411.04,45.47,-138.51,229.44,True,5.12
SA1,2026-01-28,56.98,47.31,-136.66,231.29,False,0.14
SA1,2026-01-29,41.87,48.43,-135.54,232.41,False,-0.09
SA1,2026-01-30,111.51,24.59,-159.39,208.56,False,1.22
SA1,2026-01-31,78.01,13.7,-170.27,197.68,False,0.9
SA1,2026-02-01,1.18,60.94,-123.04,244.91,False,-0.84
SA1,2026-02-02,12.54,181.75,-2.22,365.73,False,-2.37
SA1,2026-02-03,46.02,179.96,-4.02,363.93,False,-1.88
SA1,2026-02-04,76.94,203.34,19.36,387.31,False,-1.77
SA1,2026-02-05,78.54,245.46,61.48,429.43,False,-2.34
SA1,2026-02-06,83.68,200.17,16.2,384.15,False,-1.63
SA1,2026-02-07,157.98,204.02,20.04,387.99,False,-0.64
SA1,2026-02-08,88.52,199.03,15.06,383.01,False,-1.55
SA1,2026-02-09,81.54,150.25,-33.73,334.22,False,-0.96
SA1,2026-02-10,137.36,71.7,-112.28,255.67,False,0.92
SA1,2026-02-11,60.17,138.93,-45.05,322.9,False,-1.1
SA1,2026-02-12,-30.96,130.07,-53.9,314.05,False,-2.25
SA1,2026-02-13,-15.77,136.8,-47.17,320.78,False,-2.14
SA1,2026-02-14,-8.94,177.57,-6.41,361.54,True,-2.61
SA1,2026-02-15,32.19,170.24,-13.74,354.21,False,-1.93
SA1,2026-02-16,53.5,30.21,-153.77,214.18,False,0.33
SA1,2026-02-17,15.69,29.75,-154.22,213.73,False,-0.2
SA1,2026-02-18,57.48,16.84,-167.13,200.81,False,0.57
SA1,2026-02-19,45.48,-24.92,-208.89,159.05,False,0.99
SA1,2026-02-20,83.83,-30.98,-214.95,153.0,False,1.61
SA1,2026-02-21,85.44,-37.96,-221.93,146.01,False,1.73
SA1,2026-02-22,70.52,-36.31,-220.28,147.67,False,1.5
SA1,2026-02-23,26.9,43.18,-140.8,227.15,False,-0.23
SA1,2026-02-24,73.56,81.94,-102.03,265.92,False,-0.12
SA1,2026-02-25,16.02,60.2,-123.78,244.17,False,-0.62
SA1,2026-02-26,25.39,61.89,-122.08,245.87,False,-0.51
SA1,2026-02-27,125.03,53.49,-130.49,237.46,False,1.0
SA1,2026-02-28,88.25,14.34,-169.63,198.32,False,1.03
SA1,2026-03-01,76.48,34.94,-149.03,218.92,False,0.58
SA1,2026-03-02,66.72,74.83,-109.15,258.8,False,-0.11
SA1,2026-03-03,71.19,59.33,-124.65,243.3,False,0.17
SA1,2026-03-04,60.87,30.02,-153.95,213.99,False,0.43
SA1,2026-03-05,63.01,37.69,-146.29,221.66,False,0.35
SA1,2026-03-06,42.63,53.65,-130.33,237.62,False,-0.15
SA1,2026-03-07,-5.31,105.6,-78.37,289.58,False,-1.55
SA1,2026-03-08,-24.68,56.68,-127.3,240.65,False,-1.14
SA1,2026-03-09,32.32,76.9,-107.08,260.87,False,-0.62
SA1,2026-03-10,57.18,118.15,-65.83,302.12,False,-0.85
SA1,2026-03-11,-5.35,98.76,-85.21,282.74,False,-1.46
SA1,2026-03-12,1.91,95.61,-88.36,279.58,False,-1.31
SA1,2026-03-13,-51.46,63.62,-120.35,247.6,False,-1.61
SA1,2026-03-14,7.64,125.48,-58.49,309.46,False,-1.65
SA1,2026-03-15,51.39,89.26,-94.71,273.24,False,-0.53
SA1,2026-03-16,121.21,86.72,-97.25,270.7,False,0.48
SA1,2026-03-17,117.72,46.09,-137.88,230.07,False,1.0
SA1,2026-03-18,107.52,34.11,-149.86,218.09,False,1.03
SA1,2026-03-19,116.46,39.56,-144.42,223.53,False,1.08
SA1,2026-03-20,89.31,32.84,-151.13,216.82,False,0.79
SA1,2026-03-21,73.5,25.05,-158.92,209.03,False,0.68
SA1,2026-03-22,73.6,46.5,-137.47,230.47,False,0.38
SA1,2026-03-23,89.78,32.26,-151.72,216.23,False,0.81
SA1,2026-03-24,130.32,30.76,-153.21,214.74,False,1.39
SA1,2026-03-25,118.13,32.26,-151.71,216.23,False,1.2
SA1,2026-03-26,21.88,56.62,-127.35,240.59,False,-0.49
SA1,2026-03-27,-15.51,7.2,-176.77,191.18,False,-0.32
SA1,2026-03-28,53.4,34.42,-149.56,218.39,False,0.27
SA1,2026-03-29,39.4,37.56,-146.41,221.53,False,0.03
SA1,2026-03-30,66.78,101.74,-82.23,285.72,False,-0.49
SA1,2026-03-31,-10.97,78.06,-105.91,262.04,False,-1.25
SA1,2026-04-01,60.68,60.38,-123.59,244.36,False,0.0
SA1,2026-04-02,64.4,64.05,-119.93,248.02,False,0.0
SA1,2026-04-03,-9.86,105.79,-78.19,289.76,False,-1.62
SA1,2026-04-04,-7.72,107.23,-76.74,291.21,False,-1.61
SA1,2026-04-05,90.78,59.34,-124.64,243.31,False,0.44
SA1,2026-04-06,39.78,93.24,-90.74,277.21,False,-0.75
SA1,2026-04-07,52.69,55.65,-128.33,239.62,False,-0.04
SA1,2026-04-08,104.82,95.47,-88.51,279.44,False,0.13
SA1,2026-04-09,-5.02,68.69,-115.28,252.66,False,-1.03
SA1,2026-04-10,-5.39,50.53,-133.44,234.51,False,-0.78
SA1,2026-04-11,-4.32,46.15,-137.82,230.13,False,-0.71
SA1,2026-04-12,14.14,42.71,-141.27,226.68,False,-0.4
SA1,2026-04-13,128.84,56.57,-127.4,240.54,False,1.01
SA1,2026-04-14,176.75,68.4,-115.57,252.38,False,1.52
SA1,2026-04-15,122.98,63.04,-120.93,247.02,False,0.84
SA1,2026-04-16,73.26,48.72,-135.25,232.7,False,0.34
SA1,2026-04-17,77.31,57.61,-126.37,241.58,False,0.28
SA1,2026-04-18,55.47,41.53,-142.45,225.5,False,0.2
SA1,2026-04-19,67.08,39.67,-144.31,223.64,False,0.38
SA1,2026-04-20,114.0,68.37,-115.6,252.35,False,0.64
SA1,2026-04-21,40.57,87.56,-96.42,271.53,False,-0.66
SA1,2026-04-22,57.88,41.5,-142.47,225.48,False,0.23
SA1,2026-04-23,51.3,48.25,-135.72,232.23,False,0.04
SA1,2026-04-24,15.55,52.05,-131.93,236.02,False,-0.51
SA1,2026-04-25,12.53,75.56,-108.42,259.53,False,-0.88
SA1,2026-04-26,54.08,62.95,-121.02,246.93,False,-0.12
SA1,2026-04-27,73.63,80.81,-103.17,264.78,False,-0.1
SA1,2026-04-28,86.51,98.61,-85.37,282.58,False,-0.17
SA1,2026-04-29,67.11,55.43,-128.55,239.4,False,0.16
SA1,2026-04-30,15.46,69.84,-114.14,253.81,False,-0.76
SA1,2026-05-01,0.93,62.63,-121.35,246.6,False,-0.86
SA1,2026-05-02,0.62,69.46,-114.51,253.44,False,-0.96
SA1,2026-05-03,-0.9,88.81,-95.17,272.78,False,-1.26
SA1,2026-05-04,17.22,90.9,-93.08,274.87,False,-1.03
SA1,2026-05-05,108.84,92.74,-91.24,276.71,False,0.23
SA1,2026-05-06,55.71,74.31,-109.66,258.29,False,-0.26
SA1,2026-05-07,23.7,94.25,-89.72,278.22,False,-0.99
SA1,2026-05-08,37.06,46.27,-137.71,230.24,False,-0.13
SA1,2026-05-09,97.31,45.49,-138.48,229.46,False,0.73
SA1,2026-05-10,116.64,37.33,-146.65,221.3,False,1.11
SA1,2026-05-11,81.71,54.21,-129.77,238.18,False,0.39
SA1,2026-05-12,104.97,58.78,-125.2,242.75,False,0.65
SA1,2026-05-13,76.13,74.6,-109.38,258.57,False,0.02
SA1,2026-05-14,75.37,61.25,-122.73,245.22,False,0.2
SA1,2026-05-15,41.5,61.57,-122.4,245.55,False,-0.28
SA1,2026-05-16,65.56,38.31,-145.66,222.29,False,0.38
SA1,2026-05-17,138.17,55.79,-128.18,239.77,False,1.15
SA1,2026-05-18,156.6,105.86,-78.12,289.83,False,0.71
SA1,2026-05-19,61.63,63.28,-120.69,247.26,False,-0.02
SA1,2026-05-20,72.69,83.76,-100.21,267.74,False,-0.16
SA1,2026-05-21,116.39,96.97,-87.0,280.95,False,0.27
SA1,2026-05-22,101.15,78.11,-105.87,262.08,False,0.32
SA1,2026-05-23,50.16,79.18,-104.79,263.16,False,-0.41
SA1,2026-05-24,87.69,64.02,-119.95,247.99,False,0.33
SA1,2026-05-25,101.65,86.35,-97.62,270.33,False,0.21
SA1,2026-05-26,139.77,123.43,-60.55,307.4,False,0.23
SA1,2026-05-27,163.86,106.94,-77.03,290.92,False,0.8
SA1,2026-05-28,149.96,79.2,-104.78,263.17,False,0.99
SA1,2026-05-29,104.13,122.54,-61.43,306.52,False,-0.26
SA1,2026-05-30,23.63,58.03,-125.95,242.0,False,-0.48
SA1,2026-05-31,32.17,46.01,-137.96,229.99,False,-0.19
SA1,2026-06-01,30.51,85.25,-98.72,269.23,False,-0.77
NSW1,2025-01-01,68.47,113.17,-510.21,736.54,False,-0.18
NSW1,2025-01-02,57.5,33.95,-589.43,657.33,False,0.1
NSW1,2025-01-03,59.26,31.98,-591.4,655.36,False,0.11
NSW1,2025-01-04,62.26,35.65,-587.73,659.03,False,0.11
NSW1,2025-01-05,74.54,11.1,-612.28,634.48,False,0.26
NSW1,2025-01-06,87.44,56.29,-567.09,679.66,False,0.13
NSW1,2025-01-07,66.6,65.53,-557.85,688.9,False,0.0
NSW1,2025-01-08,58.75,55.65,-567.73,679.02,False,0.01
NSW1,2025-01-09,93.01,58.36,-565.02,681.73,False,0.14
NSW1,2025-01-10,96.9,90.43,-532.94,713.81,False,0.03
NSW1,2025-01-11,95.15,69.47,-553.91,692.85,False,0.11
NSW1,2025-01-12,89.63,63.09,-560.29,686.47,False,0.11
NSW1,2025-01-13,119.04,71.35,-552.03,694.73,False,0.2
NSW1,2025-01-14,132.09,91.46,-531.92,714.84,False,0.17
NSW1,2025-01-15,277.13,62.84,-560.54,686.21,False,0.89
NSW1,2025-01-16,76.66,78.4,-544.98,701.77,False,-0.01
NSW1,2025-01-17,39.47,78.72,-544.65,702.1,False,-0.16
NSW1,2025-01-18,14.57,79.32,-544.06,702.69,False,-0.27
NSW1,2025-01-19,30.33,78.12,-545.26,701.49,False,-0.2
NSW1,2025-01-20,71.07,102.24,-521.14,725.62,False,-0.13
NSW1,2025-01-21,98.22,81.47,-541.91,704.85,False,0.07
NSW1,2025-01-22,248.9,75.31,-548.07,698.68,False,0.72
NSW1,2025-01-23,57.63,133.12,-490.26,756.49,False,-0.31
NSW1,2025-01-24,77.31,88.02,-535.36,711.4,False,-0.04
NSW1,2025-01-25,38.5,82.22,-541.16,705.59,False,-0.18
NSW1,2025-01-26,39.05,90.11,-533.27,713.48,False,-0.21
NSW1,2025-01-27,62.38,64.97,-558.41,688.35,False,-0.01
NSW1,2025-01-28,69.78,66.73,-556.65,690.11,False,0.01
NSW1,2025-01-29,78.58,89.24,-534.14,712.61,False,-0.04
NSW1,2025-01-30,75.24,78.96,-544.42,702.33,False,-0.02
NSW1,2025-01-31,68.24,90.6,-532.78,713.97,False,-0.09
NSW1,2025-02-01,85.47,81.76,-541.62,705.13,False,0.02
NSW1,2025-02-02,66.17,83.16,-540.22,706.53,False,-0.07
NSW1,2025-02-03,119.06,96.81,-526.56,720.19,False,0.09
NSW1,2025-02-04,172.04,93.78,-529.6,717.15,False,0.32
NSW1,2025-02-05,269.96,61.33,-562.05,684.7,False,0.86
NSW1,2025-02-06,153.66,57.19,-566.19,680.56,False,0.4
NSW1,2025-02-07,133.83,62.52,-560.86,685.9,False,0.29
NSW1,2025-02-08,144.72,66.15,-557.22,689.53,False,0.32
NSW1,2025-02-09,43.0,66.88,-556.49,690.26,False,-0.1
NSW1,2025-02-10,97.18,78.19,-545.19,701.56,False,0.08
NSW1,2025-02-11,97.91,111.84,-511.53,735.22,False,-0.06
NSW1,2025-02-12,109.75,100.75,-522.63,724.12,False,0.04
NSW1,2025-02-13,84.43,128.65,-494.73,752.02,False,-0.18
NSW1,2025-02-14,106.75,146.41,-476.96,769.79,False,-0.16
NSW1,2025-02-15,58.81,131.34,-492.03,754.72,False,-0.3
NSW1,2025-02-16,40.94,100.91,-522.47,724.28,False,-0.25
NSW1,2025-02-17,56.62,117.33,-506.04,740.71,False,-0.25
NSW1,2025-02-18,65.48,100.71,-522.66,724.09,False,-0.15
NSW1,2025-02-19,65.9,90.21,-533.17,713.59,False,-0.1
NSW1,2025-02-20,30.83,112.99,-510.39,736.37,False,-0.34
NSW1,2025-02-21,39.97,124.35,-499.03,747.73,False,-0.35
NSW1,2025-02-22,34.78,63.51,-559.87,686.88,False,-0.12
NSW1,2025-02-23,45.36,62.18,-561.2,685.55,False,-0.07
NSW1,2025-02-24,61.38,147.81,-475.56,771.19,False,-0.36
NSW1,2025-02-25,64.88,152.01,-471.37,775.39,False,-0.36
NSW1,2025-02-26,65.01,125.44,-497.94,748.81,False,-0.25
NSW1,2025-02-27,110.44,69.68,-553.7,693.05,False,0.17
NSW1,2025-02-28,104.75,42.45,-580.93,665.82,False,0.26
NSW1,2025-03-01,86.2,25.94,-597.44,649.31,False,0.25
NSW1,2025-03-02,45.53,32.91,-590.47,656.28,False,0.05
NSW1,2025-03-03,68.67,61.45,-561.93,684.82,False,0.03
NSW1,2025-03-04,83.65,66.7,-556.68,690.07,False,0.07
NSW1,2025-03-05,88.37,78.4,-544.98,701.78,False,0.04
NSW1,2025-03-06,66.29,61.83,-561.54,685.21,False,0.02
NSW1,2025-03-07,46.39,49.19,-574.19,672.57,False,-0.01
NSW1,2025-03-08,37.31,58.95,-564.42,682.33,False,-0.09
NSW1,2025-03-09,48.06,43.78,-579.6,667.16,False,0.02
NSW1,2025-03-10,74.99,67.08,-556.3,690.45,False,0.03
NSW1,2025-03-11,82.0,65.89,-557.49,689.27,False,0.07
NSW1,2025-03-12,93.56,61.51,-561.87,684.88,False,0.13
NSW1,2025-03-13,161.59,72.63,-550.75,696.01,False,0.37
NSW1,2025-03-14,112.08,78.18,-545.2,701.55,False,0.14
NSW1,2025-03-15,391.98,55.46,-567.92,678.83,False,1.39
NSW1,2025-03-16,54.93,72.65,-550.73,696.02,False,-0.07
NSW1,2025-03-17,52.22,78.52,-544.86,701.9,False,-0.11
NSW1,2025-03-18,77.69,74.84,-548.54,698.21,False,0.01
NSW1,2025-03-19,105.52,60.39,-562.99,683.76,False,0.19
NSW1,2025-03-20,95.08,75.87,-547.51,699.24,False,0.08
NSW1,2025-03-21,124.01,95.23,-528.14,718.61,False,0.12
NSW1,2025-03-22,107.76,80.76,-542.61,704.14,False,0.11
NSW1,2025-03-23,84.68,70.32,-553.06,693.69,False,0.06
NSW1,2025-03-24,97.5,95.65,-527.72,719.03,False,0.01
NSW1,2025-03-25,89.51,126.53,-496.84,749.91,False,-0.15
NSW1,2025-03-26,73.98,125.26,-498.12,748.63,False,-0.21
NSW1,2025-03-27,76.2,101.8,-521.57,725.18,False,-0.11
NSW1,2025-03-28,89.8,91.24,-532.14,714.61,False,-0.01
NSW1,2025-03-29,77.53,53.03,-570.34,676.41,False,0.1
NSW1,2025-03-30,39.67,118.23,-505.15,741.61,False,-0.32
NSW1,2025-03-31,56.24,103.56,-519.82,726.94,False,-0.2
NSW1,2025-04-01,75.27,105.83,-517.54,729.21,False,-0.13
NSW1,2025-04-02,119.06,102.41,-520.96,725.79,False,0.07
NSW1,2025-04-03,101.57,92.22,-531.15,715.6,False,0.04
NSW1,2025-04-04,119.24,95.1,-528.28,718.48,False,0.1
NSW1,2025-04-05,87.57,55.95,-567.43,679.32,False,0.13
NSW1,2025-04-06,74.64,41.86,-581.51,665.24,False,0.14
NSW1,2025-04-07,213.55,75.15,-548.22,698.53,False,0.57
NSW1,2025-04-08,132.15,84.38,-539.0,707.76,False,0.2
NSW1,2025-04-09,311.11,100.17,-523.21,723.55,False,0.87
NSW1,2025-04-10,117.56,92.56,-530.82,715.93,False,0.1
NSW1,2025-04-11,95.84,97.29,-526.08,720.67,False,-0.01
NSW1,2025-04-12,91.12,89.67,-533.7,713.05,False,0.01
NSW1,2025-04-13,72.3,88.83,-534.55,712.21,False,-0.07
NSW1,2025-04-14,87.53,131.45,-491.93,754.83,False,-0.18
NSW1,2025-04-15,94.7,131.15,-492.23,754.52,False,-0.15
NSW1,2025-04-16,112.95,131.37,-492.01,754.75,False,-0.08
NSW1,2025-04-17,136.3,135.65,-487.73,759.02,False,0.0
NSW1,2025-04-18,93.5,148.12,-475.26,771.5,False,-0.23
NSW1,2025-04-19,72.93,133.16,-490.22,756.54,False,-0.25
NSW1,2025-04-20,49.64,119.03,-504.34,742.41,False,-0.29
NSW1,2025-04-21,52.31,138.82,-484.56,762.2,False,-0.36
NSW1,2025-04-22,69.04,127.68,-495.7,751.05,False,-0.24
NSW1,2025-04-23,67.06,116.03,-507.34,739.41,False,-0.2
NSW1,2025-04-24,76.0,148.7,-474.68,772.07,False,-0.3
NSW1,2025-04-25,88.26,138.35,-485.03,761.73,False,-0.21
NSW1,2025-04-26,105.94,111.5,-511.88,734.88,False,-0.02
NSW1,2025-04-27,116.97,67.23,-556.14,690.61,False,0.21
NSW1,2025-04-28,107.53,119.44,-503.93,742.82,False,-0.05
NSW1,2025-04-29,88.81,128.64,-494.74,752.02,False,-0.16
NSW1,2025-04-30,91.42,115.8,-507.58,739.18,False,-0.1
NSW1,2025-05-01,74.58,91.4,-531.97,714.78,False,-0.07
NSW1,2025-05-02,100.32,103.45,-519.93,726.83,False,-0.01
NSW1,2025-05-03,49.27,175.16,-448.21,798.54,False,-0.52
NSW1,2025-05-04,53.25,87.57,-535.81,710.94,False,-0.14
NSW1,2025-05-05,76.99,132.99,-490.39,756.37,False,-0.23
NSW1,2025-05-06,64.99,105.59,-517.79,728.96,False,-0.17
NSW1,2025-05-07,51.14,117.76,-505.62,741.13,False,-0.28
NSW1,2025-05-08,85.56,108.49,-514.89,731.87,False,-0.09
NSW1,2025-05-09,98.65,101.19,-522.19,724.56,False,-0.01
NSW1,2025-05-10,75.73,102.07,-521.31,725.45,False,-0.11
NSW1,2025-05-11,83.23,96.06,-527.31,719.44,False,-0.05
NSW1,2025-05-12,114.82,105.92,-517.46,729.3,False,0.04
NSW1,2025-05-13,545.41,114.47,-508.91,737.84,False,1.78
NSW1,2025-05-14,253.2,104.62,-518.76,728.0,False,0.61
NSW1,2025-05-15,147.61,115.38,-507.99,738.76,False,0.13
NSW1,2025-05-16,202.76,126.52,-496.86,749.89,False,0.32
NSW1,2025-05-17,118.04,104.44,-518.94,727.82,False,0.06
NSW1,2025-05-18,152.45,78.15,-545.22,701.53,False,0.31
NSW1,2025-05-19,106.82,123.23,-500.14,746.61,False,-0.07
NSW1,2025-05-20,103.41,123.29,-500.09,746.66,False,-0.08
NSW1,2025-05-21,129.46,129.14,-494.24,752.52,False,0.0
NSW1,2025-05-22,127.15,134.03,-489.34,757.41,False,-0.03
NSW1,2025-05-23,119.74,166.57,-456.81,789.94,False,-0.19
NSW1,2025-05-24,41.16,134.43,-488.94,757.81,False,-0.39
NSW1,2025-05-25,61.0,130.46,-492.91,753.84,False,-0.29
NSW1,2025-05-26,81.88,150.94,-472.44,774.32,False,-0.29
NSW1,2025-05-27,56.63,89.5,-533.87,712.88,False,-0.14
NSW1,2025-05-28,249.82,91.74,-531.64,715.11,False,0.65
NSW1,2025-05-29,132.17,139.25,-484.13,762.62,False,-0.03
NSW1,2025-05-30,125.05,119.76,-503.62,743.13,False,0.02
NSW1,2025-05-31,130.96,102.9,-520.47,726.28,False,0.12
NSW1,2025-06-01,94.03,102.02,-521.36,725.39,False,-0.03
NSW1,2025-06-02,133.08,115.79,-507.59,739.16,False,0.07
NSW1,2025-06-03,115.67,62.15,-561.22,685.53,False,0.22
NSW1,2025-06-04,124.17,123.68,-499.69,747.06,False,0.0
NSW1,2025-06-05,120.39,112.86,-510.51,736.24,False,0.03
NSW1,2025-06-06,107.21,103.65,-519.73,727.02,False,0.01
NSW1,2025-06-07,50.94,155.6,-467.77,778.98,False,-0.43
NSW1,2025-06-08,47.69,123.02,-500.36,746.4,False,-0.31
NSW1,2025-06-09,86.86,140.35,-483.02,763.73,False,-0.22
NSW1,2025-06-10,132.13,129.74,-493.63,753.12,False,0.01
NSW1,2025-06-11,526.8,125.05,-498.32,748.43,False,1.66
NSW1,2025-06-12,1693.86,141.82,-481.56,765.19,True,6.41
NSW1,2025-06-13,210.46,167.95,-455.43,791.33,False,0.18
NSW1,2025-06-14,92.55,108.12,-515.25,731.5,False,-0.06
NSW1,2025-06-15,116.95,117.89,-505.49,741.27,False,-0.0
NSW1,2025-06-16,120.57,139.98,-483.4,763.36,False,-0.08
NSW1,2025-06-17,136.55,133.03,-490.35,756.4,False,0.01
NSW1,2025-06-18,267.98,139.05,-484.33,762.42,False,0.53
NSW1,2025-06-19,148.38,224.06,-399.32,847.44,False,-0.31
NSW1,2025-06-20,140.0,245.83,-377.54,869.21,False,-0.44
NSW1,2025-06-21,100.03,287.55,-335.82,910.93,False,-0.77
NSW1,2025-06-22,81.02,215.57,-407.8,838.95,False,-0.56
NSW1,2025-06-23,78.99,205.43,-417.95,828.8,False,-0.52
NSW1,2025-06-24,72.17,253.14,-370.23,876.52,False,-0.75
NSW1,2025-06-25,83.32,201.59,-421.79,824.97,False,-0.49
NSW1,2025-06-26,1950.24,142.49,-480.89,765.86,True,7.47
NSW1,2025-06-27,256.84,133.8,-489.57,757.18,False,0.51
NSW1,2025-06-28,174.83,121.73,-501.65,745.1,False,0.22
NSW1,2025-06-29,194.05,130.36,-493.02,753.73,False,0.26
NSW1,2025-06-30,228.49,128.02,-495.35,751.4,False,0.42
NSW1,2025-07-01,184.28,129.97,-493.4,753.35,False,0.22
NSW1,2025-07-02,116.07,125.27,-498.11,748.64,False,-0.04
NSW1,2025-07-03,147.91,179.67,-443.71,803.05,False,-0.13
NSW1,2025-07-04,140.66,204.67,-418.71,828.04,False,-0.26
NSW1,2025-07-05,97.1,200.23,-423.14,823.61,False,-0.43
NSW1,2025-07-06,91.98,218.34,-405.03,841.72,False,-0.52
NSW1,2025-07-07,111.38,270.14,-353.24,893.51,False,-0.66
NSW1,2025-07-08,98.63,289.17,-334.21,912.54,False,-0.79
NSW1,2025-07-09,84.27,275.71,-347.67,899.09,False,-0.79
NSW1,2025-07-10,67.14,209.05,-414.32,832.43,False,-0.59
NSW1,2025-07-11,65.0,151.85,-471.53,775.23,False,-0.36
NSW1,2025-07-12,82.32,121.49,-501.89,744.87,False,-0.16
NSW1,2025-07-13,59.99,129.41,-493.97,752.78,False,-0.29
NSW1,2025-07-14,74.37,142.09,-481.29,765.47,False,-0.28
NSW1,2025-07-15,118.13,163.25,-460.13,786.63,False,-0.19
NSW1,2025-07-16,99.87,287.15,-336.22,910.53,False,-0.77
NSW1,2025-07-17,104.95,60.7,-562.67,684.08,False,0.18
NSW1,2025-07-18,124.65,41.57,-581.81,664.95,False,0.34
NSW1,2025-07-19,82.78,28.41,-594.96,651.79,False,0.22
NSW1,2025-07-20,79.1,19.47,-603.91,642.85,False,0.25
NSW1,2025-07-21,66.18,25.46,-597.91,648.84,False,0.17
NSW1,2025-07-22,61.96,40.21,-583.16,663.59,False,0.09
NSW1,2025-07-23,79.84,64.71,-558.67,688.09,False,0.06
NSW1,2025-07-24,79.18,86.59,-536.78,709.97,False,-0.03
NSW1,2025-07-25,78.14,101.07,-522.31,724.45,False,-0.09
NSW1,2025-07-26,72.42,72.07,-551.31,695.45,False,0.0
NSW1,2025-07-27,50.45,76.93,-546.44,700.31,False,-0.11
NSW1,2025-07-28,74.99,90.42,-532.95,713.8,False,-0.06
NSW1,2025-07-29,162.14,85.0,-538.37,708.38,False,0.32
NSW1,2025-07-30,125.86,99.95,-523.43,723.32,False,0.11
NSW1,2025-07-31,123.49,76.02,-547.36,699.4,False,0.2
NSW1,2025-08-01,153.47,82.91,-540.47,706.28,False,0.29
NSW1,2025-08-02,115.38,67.49,-555.88,690.87,False,0.2
NSW1,2025-08-03,60.65,72.0,-551.38,695.38,False,-0.05
NSW1,2025-08-04,86.33,84.14,-539.24,707.51,False,0.01
NSW1,2025-08-05,68.17,100.2,-523.18,723.57,False,-0.13
NSW1,2025-08-06,119.01,91.64,-531.73,715.02,False,0.11
NSW1,2025-08-07,161.92,210.34,-413.03,833.72,False,-0.2
NSW1,2025-08-08,102.99,197.71,-425.67,821.09,False,-0.39
NSW1,2025-08-09,78.4,70.24,-553.13,693.62,False,0.03
NSW1,2025-08-10,76.96,72.58,-550.8,695.95,False,0.02
NSW1,2025-08-11,90.09,77.46,-545.92,700.84,False,0.05
NSW1,2025-08-12,104.85,88.0,-535.37,711.38,False,0.07
NSW1,2025-08-13,141.36,83.8,-539.58,707.18,False,0.24
NSW1,2025-08-14,121.04,102.91,-520.47,726.28,False,0.07
NSW1,2025-08-15,80.78,119.0,-504.38,742.38,False,-0.16
NSW1,2025-08-16,75.32,67.78,-555.6,691.15,False,0.03
NSW1,2025-08-17,93.93,86.72,-536.66,710.09,False,0.03
NSW1,2025-08-18,227.17,100.62,-522.76,724.0,False,0.52
NSW1,2025-08-19,185.41,102.94,-520.44,726.31,False,0.34
NSW1,2025-08-20,124.96,103.8,-519.57,727.18,False,0.09
NSW1,2025-08-21,138.26,113.34,-510.04,736.72,False,0.1
NSW1,2025-08-22,119.07,98.82,-524.55,722.2,False,0.08
NSW1,2025-08-23,94.02,80.02,-543.36,703.39,False,0.06
NSW1,2025-08-24,93.64,80.23,-543.15,703.6,False,0.06
NSW1,2025-08-25,80.27,122.27,-501.1,745.65,False,-0.17
NSW1,2025-08-26,62.9,128.16,-495.22,751.54,False,-0.27
NSW1,2025-08-27,57.94,121.77,-501.6,745.15,False,-0.26
NSW1,2025-08-28,54.33,117.59,-505.78,740.97,False,-0.26
NSW1,2025-08-29,56.71,217.26,-406.12,840.64,False,-0.66
NSW1,2025-08-30,42.41,116.95,-506.43,740.32,False,-0.31
NSW1,2025-08-31,71.1,96.19,-527.19,719.56,False,-0.1
NSW1,2025-09-01,208.65,103.57,-519.8,726.95,False,0.43
NSW1,2025-09-02,132.89,78.18,-545.2,701.55,False,0.23
NSW1,2025-09-03,65.3,105.06,-518.32,728.43,False,-0.16
NSW1,2025-09-04,77.48,103.64,-519.74,727.02,False,-0.11
NSW1,2025-09-05,98.7,87.06,-536.31,710.44,False,0.05
NSW1,2025-09-06,47.18,75.81,-547.56,699.19,False,-0.12
NSW1,2025-09-07,40.39,89.02,-534.36,712.4,False,-0.2
NSW1,2025-09-08,40.25,109.21,-514.16,732.59,False,-0.28
NSW1,2025-09-09,107.1,117.59,-505.79,740.96,False,-0.04
NSW1,2025-09-10,139.44,117.0,-506.37,740.38,False,0.09
NSW1,2025-09-11,103.44,100.63,-522.74,724.01,False,0.01
NSW1,2025-09-12,92.65,102.55,-520.82,725.93,False,-0.04
NSW1,2025-09-13,98.89,67.98,-555.4,691.35,False,0.13
NSW1,2025-09-14,40.74,60.4,-562.97,683.78,False,-0.08
NSW1,2025-09-15,40.59,73.93,-549.45,697.3,False,-0.14
NSW1,2025-09-16,54.67,85.91,-537.46,709.29,False,-0.13
NSW1,2025-09-17,64.63,97.51,-525.86,720.89,False,-0.14
NSW1,2025-09-18,59.03,101.79,-521.59,725.16,False,-0.18
NSW1,2025-09-19,50.94,98.24,-525.14,721.62,False,-0.2
NSW1,2025-09-20,28.4,88.23,-535.15,711.6,False,-0.25
NSW1,2025-09-21,33.02,93.74,-529.64,717.12,False,-0.25
NSW1,2025-09-22,55.42,189.41,-433.96,812.79,False,-0.55
NSW1,2025-09-23,65.62,76.4,-546.98,699.78,False,-0.04
NSW1,2025-09-24,57.84,88.09,-535.29,711.47,False,-0.12
NSW1,2025-09-25,52.85,66.62,-556.76,689.99,False,-0.06
NSW1,2025-09-26,41.2,64.57,-558.8,687.95,False,-0.1
NSW1,2025-09-27,33.49,31.63,-591.75,655.01,False,0.01
NSW1,2025-09-28,65.3,38.97,-584.41,662.35,False,0.11
NSW1,2025-09-29,81.71,99.31,-524.07,722.69,False,-0.07
NSW1,2025-09-30,59.71,85.24,-538.14,708.61,False,-0.11
NSW1,2025-10-01,34.89,86.47,-536.91,709.84,False,-0.21
NSW1,2025-10-02,35.2,69.59,-553.79,692.96,False,-0.14
NSW1,2025-10-03,48.11,96.25,-527.12,719.63,False,-0.2
NSW1,2025-10-04,47.9,20.7,-602.67,644.08,False,0.11
NSW1,2025-10-05,26.6,21.96,-601.42,645.34,False,0.02
NSW1,2025-10-06,51.93,57.81,-565.56,681.19,False,-0.02
NSW1,2025-10-07,115.57,56.63,-566.75,680.0,False,0.24
NSW1,2025-10-08,58.41,52.19,-571.19,675.56,False,0.03
NSW1,2025-10-09,122.94,43.85,-579.53,667.23,False,0.33
NSW1,2025-10-10,130.43,31.64,-591.74,655.01,False,0.41
NSW1,2025-10-11,32.11,32.59,-590.79,655.97,False,-0.0
NSW1,2025-10-12,58.23,19.04,-604.34,642.42,False,0.16
NSW1,2025-10-13,67.5,50.06,-573.31,673.44,False,0.07
NSW1,2025-10-14,59.67,75.53,-547.85,698.9,False,-0.07
NSW1,2025-10-15,100.64,67.92,-555.46,691.3,False,0.14
NSW1,2025-10-16,55.91,74.57,-548.81,697.94,False,-0.08
NSW1,2025-10-17,93.51,178.11,-445.27,801.48,False,-0.35
NSW1,2025-10-18,52.07,37.6,-585.78,660.97,False,0.06
NSW1,2025-10-19,41.92,29.72,-593.66,653.09,False,0.05
NSW1,2025-10-20,65.82,84.0,-539.38,707.37,False,-0.08
NSW1,2025-10-21,93.14,60.89,-562.49,684.26,False,0.13
NSW1,2025-10-22,68.91,83.82,-539.56,707.2,False,-0.06
NSW1,2025-10-23,94.03,78.86,-544.51,702.24,False,0.06
NSW1,2025-10-24,82.97,60.82,-562.55,684.2,False,0.09
NSW1,2025-10-25,106.16,50.38,-573.0,673.76,False,0.23
NSW1,2025-10-26,59.04,78.09,-545.29,701.47,False,-0.08
NSW1,2025-10-27,63.38,77.08,-546.29,700.46,False,-0.06
NSW1,2025-10-28,120.22,80.26,-543.12,703.63,False,0.17
NSW1,2025-10-29,161.14,87.34,-536.04,710.71,False,0.3
NSW1,2025-10-30,121.03,108.55,-514.82,731.93,False,0.05
NSW1,2025-10-31,118.03,114.26,-509.12,737.63,False,0.02
NSW1,2025-11-01,69.94,101.95,-521.43,725.33,False,-0.13
NSW1,2025-11-02,61.43,57.86,-565.52,681.23,False,0.01
NSW1,2025-11-03,106.05,95.57,-527.81,718.94,False,0.04
NSW1,2025-11-04,63.59,86.89,-536.48,710.27,False,-0.1
NSW1,2025-11-05,44.26,90.38,-532.99,713.76,False,-0.19
NSW1,2025-11-06,83.29,96.63,-526.75,720.0,False,-0.06
NSW1,2025-11-07,71.73,117.17,-506.21,740.54,False,-0.19
NSW1,2025-11-08,45.41,75.51,-547.86,698.89,False,-0.12
NSW1,2025-11-09,67.41,77.41,-545.97,700.79,False,-0.04
NSW1,2025-11-10,81.51,108.7,-514.68,732.07,False,-0.11
NSW1,2025-11-11,43.39,93.47,-529.91,716.84,False,-0.21
NSW1,2025-11-12,48.76,104.08,-519.3,727.46,False,-0.23
NSW1,2025-11-13,42.5,77.19,-546.19,700.57,False,-0.14
NSW1,2025-11-14,67.22,94.43,-528.94,717.81,False,-0.11
NSW1,2025-11-15,61.86,74.59,-548.78,697.97,False,-0.05
NSW1,2025-11-16,53.13,72.22,-551.16,695.6,False,-0.08
NSW1,2025-11-17,37.02,91.04,-532.34,714.41,False,-0.22
NSW1,2025-11-18,54.51,60.35,-563.03,683.73,False,-0.02
NSW1,2025-11-19,69.8,72.86,-550.52,696.23,False,-0.01
NSW1,2025-11-20,109.88,76.2,-547.18,699.57,False,0.14
NSW1,2025-11-21,87.87,86.03,-537.35,709.4,False,0.01
NSW1,2025-11-22,65.72,57.92,-565.46,681.3,False,0.03
NSW1,2025-11-23,83.97,52.35,-571.03,675.73,False,0.13
NSW1,2025-11-24,57.69,77.19,-546.19,700.56,False,-0.08
NSW1,2025-11-25,175.73,65.98,-557.4,689.35,False,0.45
NSW1,2025-11-26,327.16,65.66,-557.72,689.04,False,1.08
NSW1,2025-11-27,62.03,68.73,-554.64,692.11,False,-0.03
NSW1,2025-11-28,80.85,81.43,-541.95,704.8,False,-0.0
NSW1,2025-11-29,50.05,65.45,-557.93,688.82,False,-0.06
NSW1,2025-11-30,34.33,60.83,-562.55,684.21,False,-0.11
NSW1,2025-12-01,41.8,71.97,-551.41,695.34,False,-0.12
NSW1,2025-12-02,39.38,81.64,-541.74,705.02,False,-0.17
NSW1,2025-12-03,46.77,149.72,-473.66,773.1,False,-0.43
NSW1,2025-12-04,58.13,52.17,-571.21,675.55,False,0.02
NSW1,2025-12-05,75.19,71.36,-552.02,694.74,False,0.02
NSW1,2025-12-06,49.08,63.81,-559.57,687.19,False,-0.06
NSW1,2025-12-07,49.14,73.11,-550.27,696.49,False,-0.1
NSW1,2025-12-08,49.57,100.08,-523.3,723.46,False,-0.21
NSW1,2025-12-09,77.67,69.46,-553.91,692.84,False,0.03
NSW1,2025-12-10,75.76,67.04,-556.34,690.41,False,0.04
NSW1,2025-12-11,57.14,42.23,-581.15,665.6,False,0.06
NSW1,2025-12-12,69.29,85.49,-537.88,708.87,False,-0.07
NSW1,2025-12-13,66.68,54.68,-568.7,678.06,False,0.05
NSW1,2025-12-14,43.83,51.99,-571.38,675.37,False,-0.03
NSW1,2025-12-15,70.54,96.41,-526.97,719.79,False,-0.11
NSW1,2025-12-16,69.65,85.67,-537.71,709.05,False,-0.07
NSW1,2025-12-17,86.42,68.56,-554.82,691.94,False,0.07
NSW1,2025-12-18,306.23,78.62,-544.76,702.0,False,0.94
NSW1,2025-12-19,316.3,67.19,-556.18,690.57,False,1.03
NSW1,2025-12-20,88.83,57.16,-566.22,680.53,False,0.13
NSW1,2025-12-21,73.58,32.33,-591.04,655.71,False,0.17
NSW1,2025-12-22,78.2,54.17,-569.21,677.55,False,0.1
NSW1,2025-12-23,65.98,49.84,-573.53,673.22,False,0.07
NSW1,2025-12-24,54.02,41.11,-582.27,664.49,False,0.05
NSW1,2025-12-25,33.9,39.15,-584.22,662.53,False,-0.02
NSW1,2025-12-26,39.69,44.71,-578.67,668.09,False,-0.02
NSW1,2025-12-27,11.13,43.86,-579.52,667.24,False,-0.14
NSW1,2025-12-28,18.1,65.52,-557.85,688.9,False,-0.2
NSW1,2025-12-29,23.55,89.98,-533.39,713.36,False,-0.27
NSW1,2025-12-30,34.2,100.78,-522.6,724.15,False,-0.28
NSW1,2025-12-31,42.29,110.13,-513.25,733.5,False,-0.28
NSW1,2026-01-01,27.5,83.41,-539.97,706.79,False,-0.23
NSW1,2026-01-02,49.63,111.01,-512.37,734.39,False,-0.25
NSW1,2026-01-03,46.87,33.26,-590.12,656.63,False,0.06
NSW1,2026-01-04,57.37,32.8,-590.58,656.18,False,0.1
NSW1,2026-01-05,50.42,40.33,-583.05,663.7,False,0.04
NSW1,2026-01-06,62.64,54.39,-568.99,677.76,False,0.03
NSW1,2026-01-07,71.65,73.43,-549.95,696.81,False,-0.01
NSW1,2026-01-08,78.51,34.36,-589.02,657.73,False,0.18
NSW1,2026-01-09,58.95,52.36,-571.01,675.74,False,0.03
NSW1,2026-01-10,499.66,44.5,-578.88,667.88,False,1.88
NSW1,2026-01-11,53.86,31.81,-591.57,655.18,False,0.09
NSW1,2026-01-12,35.63,46.58,-576.8,669.95,False,-0.05
NSW1,2026-01-13,59.46,50.31,-573.07,673.68,False,0.04
NSW1,2026-01-14,55.17,54.43,-568.95,677.81,False,0.0
NSW1,2026-01-15,68.05,51.66,-571.71,675.04,False,0.07
NSW1,2026-01-16,46.03,52.37,-571.01,675.74,False,-0.03
NSW1,2026-01-17,28.35,42.81,-580.57,666.19,False,-0.06
NSW1,2026-01-18,30.58,57.88,-565.5,681.25,False,-0.11
NSW1,2026-01-19,36.58,78.16,-545.22,701.54,False,-0.17
NSW1,2026-01-20,47.79,78.8,-544.57,702.18,False,-0.13
NSW1,2026-01-21,42.08,88.57,-534.81,711.94,False,-0.19
NSW1,2026-01-22,37.25,100.6,-522.78,723.97,False,-0.26
NSW1,2026-01-23,40.16,92.29,-531.09,715.66,False,-0.22
NSW1,2026-01-24,43.63,19.11,-604.27,642.49,False,0.1
NSW1,2026-01-25,68.09,36.12,-587.26,659.49,False,0.13
NSW1,2026-01-26,38.81,55.13,-568.24,678.51,False,-0.07
NSW1,2026-01-27,58.39,73.34,-550.04,696.72,False,-0.06
NSW1,2026-01-28,64.87,75.09,-548.28,698.47,False,-0.04
NSW1,2026-01-29,57.82,68.25,-555.13,691.63,False,-0.04
NSW1,2026-01-30,89.13,78.75,-544.62,702.13,False,0.04
NSW1,2026-01-31,79.0,55.42,-567.96,678.8,False,0.1
NSW1,2026-02-01,56.14,37.68,-585.69,661.06,False,0.08
NSW1,2026-02-02,39.17,55.12,-568.26,678.5,False,-0.07
NSW1,2026-02-03,60.54,50.18,-573.2,673.56,False,0.04
NSW1,2026-02-04,86.17,51.43,-571.94,674.81,False,0.14
NSW1,2026-02-05,391.93,51.79,-571.59,675.17,False,1.41
NSW1,2026-02-06,208.7,59.42,-563.95,682.8,False,0.62
NSW1,2026-02-07,101.58,51.28,-572.1,674.65,False,0.21
NSW1,2026-02-08,75.04,61.65,-561.72,685.03,False,0.06
NSW1,2026-02-09,95.42,57.43,-565.95,680.81,False,0.16
NSW1,2026-02-10,112.78,98.22,-525.15,721.6,False,0.06
NSW1,2026-02-11,127.14,100.23,-523.15,723.6,False,0.11
NSW1,2026-02-12,68.78,92.2,-531.18,715.58,False,-0.1
NSW1,2026-02-13,70.88,118.38,-505.0,741.75,False,-0.2
NSW1,2026-02-14,43.02,82.1,-541.27,705.48,False,-0.16
NSW1,2026-02-15,37.41,91.7,-531.67,715.08,False,-0.22
NSW1,2026-02-16,46.38,108.14,-515.24,731.51,False,-0.26
NSW1,2026-02-17,41.95,113.07,-510.31,736.45,False,-0.29
NSW1,2026-02-18,54.52,103.78,-519.6,727.15,False,-0.2
NSW1,2026-02-19,73.54,89.29,-534.08,712.67,False,-0.07
NSW1,2026-02-20,80.35,90.41,-532.96,713.79,False,-0.04
NSW1,2026-02-21,66.86,53.56,-569.82,676.93,False,0.05
NSW1,2026-02-22,53.51,49.06,-574.31,672.44,False,0.02
NSW1,2026-02-23,71.33,72.04,-551.33,695.42,False,-0.0
NSW1,2026-02-24,83.96,53.31,-570.07,676.69,False,0.13
NSW1,2026-02-25,65.73,71.34,-552.03,694.72,False,-0.02
NSW1,2026-02-26,45.99,84.98,-538.39,708.36,False,-0.16
NSW1,2026-02-27,49.32,68.05,-555.33,691.43,False,-0.08
NSW1,2026-02-28,37.12,66.67,-556.71,690.04,False,-0.12
NSW1,2026-03-01,34.09,62.25,-561.13,685.63,False,-0.12
NSW1,2026-03-02,67.03,79.89,-543.49,703.27,False,-0.05
NSW1,2026-03-03,76.72,81.7,-541.68,705.08,False,-0.02
NSW1,2026-03-04,85.03,80.26,-543.11,703.64,False,0.02
NSW1,2026-03-05,94.96,101.8,-521.58,725.18,False,-0.03
NSW1,2026-03-06,86.6,111.48,-511.9,734.86,False,-0.1
NSW1,2026-03-07,79.91,45.07,-578.31,668.45,False,0.14
NSW1,2026-03-08,61.74,52.38,-571.0,675.76,False,0.04
NSW1,2026-03-09,85.76,55.44,-567.94,678.82,False,0.13
NSW1,2026-03-10,64.46,69.58,-553.8,692.95,False,-0.02
NSW1,2026-03-11,47.79,110.15,-513.22,733.53,False,-0.26
NSW1,2026-03-12,49.36,84.72,-538.65,708.1,False,-0.15
NSW1,2026-03-13,60.15,76.8,-546.58,700.17,False,-0.07
NSW1,2026-03-14,33.15,89.61,-533.77,712.98,False,-0.23
NSW1,2026-03-15,43.25,60.26,-563.12,683.64,False,-0.07
NSW1,2026-03-16,89.6,170.93,-452.45,794.3,False,-0.34
NSW1,2026-03-17,114.14,73.24,-550.14,696.62,False,0.17
NSW1,2026-03-18,107.69,63.33,-560.05,686.71,False,0.18
NSW1,2026-03-19,120.99,65.56,-557.81,688.94,False,0.23
NSW1,2026-03-20,88.08,48.87,-574.51,672.25,False,0.16
NSW1,2026-03-21,72.66,66.75,-556.63,690.13,False,0.02
NSW1,2026-03-22,66.51,63.31,-560.07,686.69,False,0.01
NSW1,2026-03-23,80.36,54.52,-568.86,677.89,False,0.11
NSW1,2026-03-24,76.83,72.94,-550.44,696.32,False,0.02
NSW1,2026-03-25,74.56,88.08,-535.3,711.46,False,-0.06
NSW1,2026-03-26,74.76,99.34,-524.03,722.72,False,-0.1
NSW1,2026-03-27,44.11,91.22,-532.15,714.6,False,-0.19
NSW1,2026-03-28,44.4,106.25,-517.13,729.62,False,-0.26
NSW1,2026-03-29,42.26,106.15,-517.22,729.53,False,-0.26
NSW1,2026-03-30,60.74,87.66,-535.72,711.04,False,-0.11
NSW1,2026-03-31,53.29,84.58,-538.8,707.95,False,-0.13
NSW1,2026-04-01,78.68,77.7,-545.68,701.08,False,0.0
NSW1,2026-04-02,81.78,54.05,-569.33,677.43,False,0.11
NSW1,2026-04-03,57.1,52.41,-570.96,675.79,False,0.02
NSW1,2026-04-04,54.56,67.78,-555.6,691.16,False,-0.05
NSW1,2026-04-05,46.62,67.91,-555.47,691.28,False,-0.09
NSW1,2026-04-06,75.07,65.71,-557.67,689.09,False,0.04
NSW1,2026-04-07,80.43,72.38,-551.0,695.75,False,0.03
NSW1,2026-04-08,89.63,87.68,-535.69,711.06,False,0.01
NSW1,2026-04-09,67.6,68.8,-554.58,692.18,False,-0.0
NSW1,2026-04-10,64.61,79.48,-543.89,702.86,False,-0.06
NSW1,2026-04-11,42.4,60.41,-562.97,683.79,False,-0.07
NSW1,2026-04-12,33.55,64.31,-559.07,687.68,False,-0.13
NSW1,2026-04-13,54.16,70.34,-553.03,693.72,False,-0.07
NSW1,2026-04-14,67.01,76.32,-547.06,699.7,False,-0.04
NSW1,2026-04-15,70.69,106.57,-516.81,729.95,False,-0.15
NSW1,2026-04-16,53.96,74.01,-549.37,697.39,False,-0.08
NSW1,2026-04-17,49.8,67.28,-556.09,690.66,False,-0.07
NSW1,2026-04-18,54.22,77.37,-546.01,700.75,False,-0.1
NSW1,2026-04-19,58.78,63.35,-560.03,686.72,False,-0.02
NSW1,2026-04-20,67.04,83.07,-540.31,706.44,False,-0.07
NSW1,2026-04-21,53.89,91.89,-531.49,715.26,False,-0.16
NSW1,2026-04-22,48.72,87.9,-535.47,711.28,False,-0.16
NSW1,2026-04-23,53.7,74.7,-548.67,698.08,False,-0.09
NSW1,2026-04-24,55.35,151.85,-471.53,775.22,False,-0.4
NSW1,2026-04-25,46.81,87.13,-536.24,710.51,False,-0.17
NSW1,2026-04-26,50.92,54.5,-568.87,677.88,False,-0.01
NSW1,2026-04-27,62.37,80.67,-542.71,704.05,False,-0.08
NSW1,2026-04-28,62.06,97.08,-526.3,720.46,False,-0.14
NSW1,2026-04-29,56.32,72.57,-550.81,695.95,False,-0.07
NSW1,2026-04-30,54.22,83.02,-540.36,706.4,False,-0.12
NSW1,2026-05-01,58.22,73.18,-550.2,696.56,False,-0.06
NSW1,2026-05-02,46.2,59.79,-563.59,683.17,False,-0.06
NSW1,2026-05-03,44.49,65.08,-558.3,688.45,False,-0.09
NSW1,2026-05-04,67.26,74.22,-549.16,697.6,False,-0.03
NSW1,2026-05-05,84.3,81.28,-542.1,704.66,False,0.01
NSW1,2026-05-06,82.16,68.7,-554.68,692.07,False,0.06
NSW1,2026-05-07,51.22,66.28,-557.1,689.66,False,-0.06
NSW1,2026-05-08,48.22,72.5,-550.88,695.87,False,-0.1
NSW1,2026-05-09,76.3,109.67,-513.7,733.05,False,-0.14
NSW1,2026-05-10,75.19,67.52,-555.85,690.9,False,0.03
NSW1,2026-05-11,72.39,87.95,-535.43,711.32,False,-0.06
NSW1,2026-05-12,68.2,92.04,-531.34,715.41,False,-0.1
NSW1,2026-05-13,71.44,121.93,-501.45,745.31,False,-0.21
NSW1,2026-05-14,82.01,96.46,-526.92,719.84,False,-0.06
NSW1,2026-05-15,58.75,90.88,-532.5,714.25,False,-0.13
NSW1,2026-05-16,69.1,84.38,-538.99,707.76,False,-0.06
NSW1,2026-05-17,132.37,80.27,-543.11,703.64,False,0.22
NSW1,2026-05-18,181.91,107.15,-516.22,730.53,False,0.31
NSW1,2026-05-19,84.3,82.86,-540.51,706.24,False,0.01
NSW1,2026-05-20,71.78,78.26,-545.12,701.63,False,-0.03
NSW1,2026-05-21,107.47,167.78,-455.6,791.15,False,-0.25
NSW1,2026-05-22,82.52,182.66,-440.72,806.04,False,-0.41
NSW1,2026-05-23,58.25,70.2,-553.18,693.58,False,-0.05
NSW1,2026-05-24,88.85,78.0,-545.38,701.38,False,0.04
NSW1,2026-05-25,94.59,102.08,-521.3,725.46,False,-0.03
NSW1,2026-05-26,106.55,114.3,-509.08,737.68,False,-0.03
NSW1,2026-05-27,157.06,97.14,-526.24,720.52,False,0.25
NSW1,2026-05-28,135.35,96.51,-526.87,719.89,False,0.16
NSW1,2026-05-29,97.66,111.38,-511.99,734.76,False,-0.06
NSW1,2026-05-30,40.78,98.23,-525.15,721.61,False,-0.24
NSW1,2026-05-31,47.48,80.99,-542.39,704.36,False,-0.14
NSW1,2026-06-01,43.38,69.23,-554.14,692.61,False,-0.11
